counterparty_id,counterparty_name,country
CP20000,Jin Wang,Belarus
CP20001,Farid Al Rashid,Iran
CP20002,John Nouri,Turkey
CP20003,John Volkov,India
CP20004,Samir Al Rashid,Iran
CP20005,Jin Petrov,Russia
CP20006,Reza Wang,Iran
CP20007,Karim Wilson,Nigeria
CP20008,Karim Sokolov,Nigeria
CP20009,Jin Mansour,Belarus
CP20010,Mark Sokolov,United Arab Emirates
CP20011,Nikolai Lee,India
CP20012,Ali Petrov,Iran
CP20013,John Smith,United States
CP20014,Ivan Zhang,United Kingdom
CP20015,Nikolai Haddad,India
CP20016,Sara Haddad,Iran
CP20017,Reza Hosseini,United Arab Emirates
CP20018,Peter Al Rashid,United Kingdom
CP20019,Nikolai Wilson,Belarus
CP20020,Ahmed Petrov,Belarus
CP20021,Ahmed Volkov,Belarus
CP20022,Samir Brown,United Kingdom
CP20023,John Smith,Russia
CP20024,Jin Haddad,Syria
CP20025,Sara Nouri,Russia
CP20026,Yousef Zhang,Turkey
CP20027,Wei Mansour,Iran
CP20028,Nikolai Hosseini,Canada
CP20029,Farid Ivanov,Iran
CP20030,Ali Brown,Russia
CP20031,Peter Haddad,Iran
CP20032,Samir Rahimi,United Kingdom
CP20033,John Lee,Turkey
CP20034,Mark Rahimi,Syria
CP20035,Ali Volkov,Russia
CP20036,Ivan Rahimi,United Arab Emirates
CP20037,Mohamed Khalil,Syria
CP20038,Samir Wilson,United Arab Emirates
CP20039,Jin Mansour,India
CP20040,Ahmed Wang,Russia
CP20041,John Nouri,United Arab Emirates
CP20042,Reza Volkov,Mexico
CP20043,Ivan Karimi,Russia
CP20044,John Wang,United States
CP20045,Nikolai Rahimi,United States
CP20046,Peter Volkov,Syria
CP20047,Peter Zhang,Turkey
CP20048,Anna Brown,United States
CP20049,Samir Lee,Turkey
CP20050,Wei Wilson,India
CP20051,Yousef Petrov,Iran
CP20052,Nikolai Volkov,United Kingdom
CP20053,Wei Mansour,Canada
CP20054,Mohammed Nouri,United States
CP20055,Nikolai Haddad,Mexico
CP20056,John Mansour,Mexico
CP20057,Wei Hosseini,United Arab Emirates
CP20058,Yousef Nouri,United States
CP20059,Farid Haddad,Turkey
CP20060,Omar Sokolov,United Kingdom
CP20061,Nikolai Volkov,Nigeria
CP20062,Sergei Lee,Mexico
CP20063,Yousef Haddad,Turkey
CP20064,Yousef Hosseini,Nigeria
CP20065,Farid Rahimi,Belarus
CP20066,Viktor Rahimi,Canada
CP20067,Nikolai Smith,Canada
CP20068,Anna Volkov,Turkey
CP20069,Jin Volkov,Belarus
CP20070,Hassan Wilson,Canada
CP20071,Karim Khalil,United Kingdom
CP20072,Sergei Volkov,Iran
CP20073,Anna Al Rashid,United States
CP20074,John Brown,India
CP20075,Ali Ivanov,Canada
CP20076,Samir Rahimi,United Arab Emirates
CP20077,Anna Hosseini,Iran
CP20078,John Wilson,Syria
CP20079,Viktor Nouri,Belarus
CP20080,Ali Smith,Syria
CP20081,Yousef Wang,Canada
CP20082,Mohammed Al Rashid,Russia
CP20083,Anna Brown,United Kingdom
CP20084,Samir Nouri,Russia
CP20085,Peter Smith,Nigeria
CP20086,Yousef Mansour,Syria
CP20087,Wei Zhang,United Arab Emirates
CP20088,Nikolai Wang,Nigeria
CP20089,Farid Nouri,United States
CP20090,Karim Smith,Iran
CP20091,Ahmed Karimi,India
CP20092,Ali Zhang,Nigeria
CP20093,Nikolai Lee,Nigeria
CP20094,Samir Mansour,India
CP20095,Reza Al Rashid,India
CP20096,Mohammed Brown,Turkey
CP20097,Reza Lee,India
CP20098,Anna Ivanov,Russia
CP20099,Nikolai Nouri,India
CP20100,Farid Sokolov,Nigeria
CP20101,Sara Rahimi,Turkey
CP20102,Mohammed Wilson,Mexico
CP20103,Ivan Mansour,Russia
CP20104,Sergei Wang,Syria
CP20105,Ivan Lee,Nigeria
CP20106,Ivan Al Rashid,India
CP20107,Ivan Wang,Iran
CP20108,Hassan Haddad,United Kingdom
CP20109,Mark Rahimi,Iran
CP20110,Peter Volkov,Turkey
CP20111,Karim Al Rashid,India
CP20112,Viktor Nouri,Nigeria
CP20113,Sara Smith,Canada
CP20114,Karim Sokolov,Mexico
CP20115,Karim Smith,United States
CP20116,Samir Petrov,United States
CP20117,Anna Haddad,Nigeria
CP20118,Farid Volkov,Turkey
CP20119,Nikolai Mansour,Canada
CP20120,Mark Haddad,Mexico
CP20121,Sara Mansour,Nigeria
CP20122,Jin Rahimi,United States
CP20123,Mark Al Rashid,Syria
CP20124,Anna Volkov,Syria
CP20125,Ivan Nouri,United Kingdom
CP20126,Reza Lee,United States
CP20127,Sergei Rahimi,Russia
CP20128,Omar Zhang,Iran
CP20129,Sergei Wang,Nigeria
CP20130,Nikolai Zhang,India
CP20131,Sara Haddad,India
CP20132,Peter Haddad,Syria
CP20133,Samir Khalil,Mexico
CP20134,John Haddad,Russia
CP20135,Ahmed Karimi,Belarus
CP20136,Reza Rahimi,Syria
CP20137,Ali Haddad,Russia
CP20138,Reza Smith,Syria
CP20139,Sergei Zhang,Syria
CP20140,Reza Karimi,Canada
CP20141,Hassan Mansour,Turkey
CP20142,Peter Hosseini,Belarus
CP20143,Viktor Smith,Russia
CP20144,Yousef Petrov,Belarus
CP20145,Mark Karimi,India
CP20146,Nikolai Nouri,Nigeria
CP20147,Sara Hosseini,India
CP20148,Yousef Wang,Belarus
CP20149,Yousef Hosseini,Syria
CP20150,Mark Hosseini,Mexico
CP20151,Jin Hosseini,Turkey
CP20152,Mohammed Rahimi,United States
CP20153,Sara Mansour,Syria
CP20154,Farid Hosseini,Mexico
CP20155,Viktor Mansour,Russia
CP20156,Ivan Mansour,Belarus
CP20157,Ivan Karimi,Russia
CP20158,Nikolai Volkov,India
CP20159,Omar Brown,Iran
CP20160,Ahmad Volkov,Russia
CP20161,Viktor Smith,Mexico
CP20162,Samir Zhang,United Kingdom
CP20163,Ivan Al Rashid,Iran
CP20164,Karim Rahimi,Canada
CP20165,Peter Wilson,Syria
CP20166,Karim Al Rashid,Russia
CP20167,Anna Al Rashid,Turkey
CP20168,Nikolai Brown,Iran
CP20169,Mark Rahimi,Russia
CP20170,Sergei Al Rashid,Belarus
CP20171,Karim Volkov,Belarus
CP20172,Peter Karimi,Turkey
CP20173,Wei Petrov,Russia
CP20174,Mohammed Mansour,Turkey
CP20175,Hassan Ivanov,Iran
CP20176,Wei Nouri,Nigeria
CP20177,Farid Volkov,Canada
CP20178,Karim Nouri,India
CP20179,Viktor Volkov,Mexico
CP20180,Wei Lee,Syria
CP20181,Viktor Nouri,Nigeria
CP20182,Farid Volkov,United Arab Emirates
CP20183,Mohammed Volkov,Canada
CP20184,Farid Lee,Mexico
CP20185,Peter Wilson,United Arab Emirates
CP20186,Mohammed Rahimi,United Arab Emirates
CP20187,Farid Nouri,Russia
CP20188,Mohammed Volkov,Syria
CP20189,Jin Khalil,Turkey
CP20190,Peter Khalil,Nigeria
CP20191,Samir Haddad,United Kingdom
CP20192,Jin Smith,Iran
CP20193,Viktor Karimi,Mexico
CP20194,Peter Petrov,Belarus
CP20195,Farid Hosseini,Iran
CP20196,Sara Volkov,Mexico
CP20197,Samir Haddad,Canada
CP20198,Reza Lee,India
CP20199,Ali Ivanov,Belarus
CP20200,Peter Wang,United Arab Emirates
CP20201,Mark Volkov,Turkey
CP20202,Jin Hosseini,Belarus
CP20203,Ali Brown,United Kingdom
CP20204,Mark Volkov,United Kingdom
CP20205,Ahmed Ivanov,Russia
CP20206,Farid Khalil,Syria
CP20207,Reza Zhang,United Arab Emirates
CP20208,Wei Lee,United Kingdom
CP20209,Sara Brown,Mexico
CP20210,Omar Lee,Iran
CP20211,Ivan Sokolov,United Kingdom
CP20212,Mohammed Ivanov,Syria
CP20213,Yousef Zhang,United Kingdom
CP20214,Ahmed Petrov,Russia
CP20215,John Volkov,United States
CP20216,Reza Rahimi,United Arab Emirates
CP20217,John Wilson,United States
CP20218,Jin Karimi,Russia
CP20219,Mohammed Mansour,Mexico
CP20220,Karim Nouri,Russia
CP20221,Yousef Rahimi,Iran
CP20222,Nikolai Wilson,Iran
CP20223,Sergei Wang,United Arab Emirates
CP20224,Peter Ivanov,Mexico
CP20225,John Sokolov,Canada
CP20226,Ahmed Ivanov,Russia
CP20227,Reza Sokolov,Iran
CP20228,Yousef Zhang,India
CP20229,Karim Sokolov,Turkey
CP20230,Ahmed Volkov,Russia
CP20231,Farid Lee,United States
CP20232,Hassan Mansour,Canada
CP20233,Sara Lee,Turkey
CP20234,Ali Ivanov,Turkey
CP20235,Anna Sokolov,Turkey
CP20236,Reza Brown,Turkey
CP20237,Ali Smith,Mexico
CP20238,Ali Al Rashid,Nigeria
CP20239,Yousef Brown,United Kingdom
CP20240,Peter Mansour,United Kingdom
CP20241,Ali Petrov,Nigeria
CP20242,Reza Zhang,India
CP20243,Mohammed Petrov,Canada
CP20244,Samir Petrov,Turkey
CP20245,Ahmed Nouri,Mexico
CP20246,Wei Al Rashid,Canada
CP20247,Karim Haddad,Mexico
CP20248,Hassan Lee,Russia
CP20249,Peter Ivanov,Syria
CP20250,Farid Wilson,Russia
CP20251,Anna Petrov,Syria
CP20252,Peter Haddad,Mexico
CP20253,Wei Wilson,Belarus
CP20254,Anna Lee,United Arab Emirates
CP20255,Peter Rahimi,Turkey
CP20256,Mohammed Haddad,United States
CP20257,Sergei Haddad,Nigeria
CP20258,Peter Sokolov,Canada
CP20259,Reza Lee,Canada
CP20260,Hassan Al Rashid,Russia
CP20261,John Nouri,India
CP20262,Mohammed Haddad,Syria
CP20263,Reza Hosseini,Iran
CP20264,Farid Brown,Syria
CP20265,Wei Hosseini,Canada
CP20266,Omar Karimi,United Arab Emirates
CP20267,Mark Al Rashid,Canada
CP20268,Nikolai Petrov,India
CP20269,Omar Khalil,United Arab Emirates
CP20270,Jin Wang,Nigeria
CP20271,Peter Rahimi,Russia
CP20272,Omar Haddad,United States
CP20273,Jin Wang,India
CP20274,Mohammed Zhang,Nigeria
CP20275,Jin Mansour,Syria
CP20276,Anna Khalil,Turkey
CP20277,Sergei Rahimi,United States
CP20278,Ali Khalil,Mexico
CP20279,Mark Hosseini,Mexico
CP20280,Sergei Petrov,Belarus
CP20281,Wei Al Rashid,Russia
CP20282,Karim Smith,Mexico
CP20283,Viktor Wang,Mexico
CP20284,Viktor Khalil,Mexico
CP20285,Viktor Nouri,United Kingdom
CP20286,Sergei Rahimi,Canada
CP20287,Jin Lee,United Kingdom
CP20288,Karim Zhang,Belarus
CP20289,Omar Petrov,United States
CP20290,Nikolai Sokolov,United States
CP20291,Mohammed Hosseini,United States
CP20292,Nikolai Mansour,Syria
CP20293,Sergei Volkov,Syria
CP20294,Samir Petrov,United Arab Emirates
CP20295,Viktor Lee,Mexico
CP20296,Anna Wilson,Nigeria
CP20297,Anna Zhang,Iran
CP20298,John Mansour,Mexico
CP20299,Ahmed Mansour,Syria
CP20300,John Wilson,Mexico
CP20301,Samir Wang,Iran
CP20302,Hassan Smith,Syria
CP20303,Ahmed Zhang,Russia
CP20304,Ali Lee,Iran
CP20305,John Wilson,United States
CP20306,Mohammed Haddad,United States
CP20307,Peter Mansour,Mexico
CP20308,Ali Al Rashid,United States
CP20309,Reza Al Rashid,United Kingdom
CP20310,Nikolai Mansour,Turkey
CP20311,Sergei Wang,Russia
CP20312,Reza Brown,Nigeria
CP20313,Nikolai Smith,India
CP20314,Nikolai Al Rashid,Canada
CP20315,Sara Wang,United Kingdom
CP20316,Mark Brown,India
CP20317,Mohammed Nouri,Turkey
CP20318,Reza Hosseini,United Kingdom
CP20319,Sara Lee,United Kingdom
CP20320,Karim Wang,United Arab Emirates
CP20321,Anna Nouri,Turkey
CP20322,Hassan Smith,Belarus
CP20323,Ali Brown,Canada
CP20324,Mohammed Rahimi,Syria
CP20325,Hassan Hosseini,India
CP20326,Yousef Karimi,Syria
CP20327,Viktor Nouri,Turkey
CP20328,Sergei Wilson,Iran
CP20329,Viktor Rahimi,Mexico
CP20330,Reza Khalil,Canada
CP20331,Anna Lee,Iran
CP20332,Anna Wilson,United Arab Emirates
CP20333,Reza Wilson,Canada
CP20334,Reza Wilson,India
CP20335,Hassan Sokolov,Syria
CP20336,Sara Lee,Russia
CP20337,Samir Brown,Syria
CP20338,Anna Wang,Nigeria
CP20339,Samir Hosseini,United Kingdom
CP20340,Yousef Petrov,Mexico
CP20341,Ali Al Rashid,Canada
CP20342,Omar Rahimi,Canada
CP20343,John Petrov,Turkey
CP20344,Wei Rahimi,Iran
CP20345,Mark Rahimi,Turkey
CP20346,Jin Ivanov,Belarus
CP20347,Peter Mansour,Turkey
CP20348,Karim Sokolov,Iran
CP20349,Mark Khalil,Belarus
CP20350,Karim Haddad,Mexico
CP20351,Yousef Al Rashid,United Kingdom
CP20352,Wei Volkov,Mexico
CP20353,Yousef Wilson,Syria
CP20354,Yousef Volkov,India
CP20355,Sara Zhang,Turkey
CP20356,Anna Hosseini,Canada
CP20357,Karim Karimi,United States
CP20358,Farid Khalil,Mexico
CP20359,Sara Sokolov,Iran
CP20360,Ivan Wang,Nigeria
CP20361,Sara Nouri,Mexico
CP20362,Peter Nouri,Russia
CP20363,Nikolai Khalil,Nigeria
CP20364,Karim Khalil,Syria
CP20365,Farid Lee,Russia
CP20366,Peter Petrov,United Kingdom
CP20367,Hassan Sokolov,Nigeria
CP20368,Ahmed Sokolov,Nigeria
CP20369,Yousef Hosseini,United Arab Emirates
CP20370,Samir Wilson,Syria
CP20371,Viktor Wilson,Canada
CP20372,Ivan Al Rashid,Turkey
CP20373,Omar Sokolov,Turkey
CP20374,Anna Khalil,Syria
CP20375,Nikolai Brown,India
CP20376,Viktor Volkov,Canada
CP20377,Jin Ivanov,Turkey
CP20378,Jin Nouri,Syria
CP20379,Farid Haddad,United Kingdom
CP20380,Karim Volkov,United States
CP20381,Karim Haddad,Nigeria
CP20382,Samir Hosseini,Iran
CP20383,Peter Al Rashid,Syria
CP20384,Mohammed Volkov,Belarus
CP20385,Sara Khalil,Turkey
CP20386,Ali Wang,United Kingdom
CP20387,Ali Brown,Nigeria
CP20388,Nikolai Nouri,United States
CP20389,Hassan Petrov,Iran
CP20390,Omar Petrov,United States
CP20391,Nikolai Nouri,Russia
CP20392,John Hosseini,United Arab Emirates
CP20393,Farid Lee,Syria
CP20394,Ahmed Ivanov,Belarus
CP20395,Omar Zhang,United Arab Emirates
CP20396,Wei Sokolov,Belarus
CP20397,Sara Wang,Belarus
CP20398,Sara Wilson,Syria
CP20399,Ivan Hosseini,India
CP20400,Nikolai Wang,Belarus
CP20401,Sara Al Rashid,Russia
CP20402,Reza Ivanov,Belarus
CP20403,Wei Wang,Russia
CP20404,Yousef Smith,Mexico
CP20405,Reza Brown,Iran
CP20406,Reza Wilson,United Arab Emirates
CP20407,Hassan Volkov,Nigeria
CP20408,Mark Wilson,Turkey
CP20409,Jin Volkov,Russia
CP20410,Wei Ivanov,Turkey
CP20411,Wei Sokolov,Belarus
CP20412,Ali Rahimi,Nigeria
CP20413,Anna Sokolov,Syria
CP20414,Ivan Brown,United States
CP20415,Farid Al Rashid,Belarus
CP20416,Peter Petrov,Belarus
CP20417,Hassan Ivanov,Canada
CP20418,Ivan Wang,United States
CP20419,Samir Mansour,Iran
CP20420,Nikolai Khalil,Russia
CP20421,Mohammed Rahimi,Iran
CP20422,Sara Petrov,Turkey
CP20423,Ivan Petrov,Canada
CP20424,Reza Haddad,Syria
CP20425,Hassan Wilson,United Arab Emirates
CP20426,Samir Smith,Russia
CP20427,Ahmed Rahimi,United Arab Emirates
CP20428,Samir Ivanov,Iran
CP20429,Mohammed Wang,Nigeria
CP20430,Jin Rahimi,Turkey
CP20431,Ahmed Petrov,United Arab Emirates
CP20432,Reza Petrov,India
CP20433,Ahmed Hosseini,Nigeria
CP20434,Ali Sokolov,Russia
CP20435,Mohammed Wang,United Kingdom
CP20436,Farid Rahimi,Nigeria
CP20437,Peter Karimi,Canada
CP20438,Viktor Hosseini,Nigeria
CP20439,Ali Mansour,Belarus
CP20440,Wei Smith,Iran
CP20441,Yousef Smith,Russia
CP20442,Anna Wilson,Belarus
CP20443,Mohammed Wang,Canada
CP20444,Peter Hosseini,United Arab Emirates
CP20445,Mohammed Karimi,United Arab Emirates
CP20446,Omar Brown,Turkey
CP20447,Jin Karimi,Nigeria
CP20448,Viktor Rahimi,India
CP20449,Reza Khalil,Nigeria
CP20450,Ivan Brown,Turkey
CP20451,Sara Petrov,Syria
CP20452,Sara Ivanov,United Arab Emirates
CP20453,Samir Lee,United Arab Emirates
CP20454,Mark Ivanov,Turkey
CP20455,Omar Wang,India
CP20456,Farid Volkov,Nigeria
CP20457,Sara Brown,Russia
CP20458,Omar Zhang,Nigeria
CP20459,Ali Brown,Turkey
CP20460,Ahmed Khalil,India
CP20461,Karim Sokolov,Syria
CP20462,Reza Volkov,Syria
CP20463,Ali Ivanov,United Arab Emirates
CP20464,Viktor Ivanov,India
CP20465,Hassan Sokolov,United Kingdom
CP20466,Hassan Rahimi,United States
CP20467,Hassan Wang,Iran
CP20468,Farid Smith,Belarus
CP20469,Peter Ivanov,Canada
CP20470,Sergei Rahimi,United States
CP20471,Omar Hosseini,Russia
CP20472,Sergei Khalil,North Korea
CP20473,Samir Nouri,Turkey
CP20474,Ivan Brown,United States
CP20475,Ali Hosseini,Belarus
CP20476,Reza Wang,India
CP20477,Sara Sokolov,Russia
CP20478,Mohammed Karimi,Mexico
CP20479,Mark Hosseini,United Kingdom
CP20480,Wei Wang,Syria
CP20481,Mohammed Sokolov,India
CP20482,Mohammed Karimi,Nigeria
CP20483,Anna Al Rashid,United Arab Emirates
CP20484,Ali Sokolov,Turkey
CP20485,John Wilson,Belarus
CP20486,Farid Wilson,Syria
CP20487,Anna Mansour,Nigeria
CP20488,Nikolai Haddad,Canada
CP20489,John Hosseini,Nigeria
CP20490,Anna Hosseini,Nigeria
CP20491,Ali Ivanov,United Arab Emirates
CP20492,Samir Petrov,Turkey
CP20493,Karim Wang,United States
CP20494,Sergei Wilson,United States
CP20495,Hassan Al Rashid,Turkey
CP20496,Peter Lee,Russia
CP20497,Viktor Smith,Mexico
CP20498,Samir Haddad,United States
CP20499,Ahmed Lee,United Arab Emirates
CP20500,Sara Khalil,Nigeria
CP20501,Mohamed Zhang,North Korea
CP20502,Omar Karimi,United Arab Emirates
CP20503,Farid Wang,Russia
CP20504,Karim Al Rashid,Syria
CP20505,Ahmed Sokolov,Belarus
CP20506,Nikolai Sokolov,Russia
CP20507,Wei Khalil,Mexico
CP20508,Nikolai Petrov,United Kingdom
CP20509,Jin Rahimi,United Kingdom
CP20510,Peter Lee,United States
CP20511,Jin Brown,United Arab Emirates
CP20512,Ahmed Petrov,United Kingdom
CP20513,John Sokolov,Syria
CP20514,Samir Ivanov,Nigeria
CP20515,Peter Ivanov,Canada
CP20516,Wei Ivanov,Canada
CP20517,Mark Haddad,Canada
CP20518,Reza Wang,India
CP20519,Viktor Ivanov,United Kingdom
CP20520,Ahmed Hosseini,Iran
CP20521,Peter Wilson,Mexico
CP20522,Ivan Al Rashid,Canada
CP20523,Nikolai Sokolov,United Kingdom
CP20524,Reza Karimi,Nigeria
CP20525,Hassan Lee,Belarus
CP20526,Ahmed Sokolov,Iran
CP20527,Wei Nouri,United Kingdom
CP20528,Ahmed Mansour,Nigeria
CP20529,Mark Volkov,India
CP20530,Mohammed Smith,Russia
CP20531,Samir Rahimi,United Kingdom
CP20532,Karim Karimi,Syria
CP20533,Anna Petrov,Russia
CP20534,Jin Rahimi,United Arab Emirates
CP20535,Sara Smith,Russia
CP20536,Samir Haddad,Iran
CP20537,Sergei Hosseini,Syria
CP20538,Hassan Rahimi,Iran
CP20539,Ivan Wilson,United Arab Emirates
CP20540,Farid Wilson,Iran
CP20541,Mohammed Mansour,Nigeria
CP20542,John Zhang,Nigeria
CP20543,Anna Mansour,Turkey
CP20544,Mark Hosseini,Turkey
CP20545,Hassan Rahimi,United Kingdom
CP20546,Sara Petrov,Nigeria
CP20547,Karim Wang,United States
CP20548,Omar Ivanov,Mexico
CP20549,Ali Haddad,Nigeria
CP20550,Samir Karimi,Syria
CP20551,Sergei Sokolov,Russia
CP20552,Wei Lee,Belarus
CP20553,Nikolai Karimi,India
CP20554,Yousef Nouri,Turkey
CP20555,Jin Khalil,Nigeria
CP20556,Wei Nouri,Syria
CP20557,Peter Smith,Iran
CP20558,Viktor Karimi,Nigeria
CP20559,Mark Volkov,Nigeria
CP20560,Ahmed Khalil,Belarus
CP20561,Jin Volkov,Turkey
CP20562,Ahmed Wang,Iran
CP20563,Omar Sokolov,Belarus
CP20564,Nikolai Brown,United Kingdom
CP20565,Ahmed Ivanov,Turkey
CP20566,Ivan Sokolov,Turkey
CP20567,Omar Petrov,Belarus
CP20568,Karim Hosseini,United Arab Emirates
CP20569,Ahmed Zhang,Turkey
CP20570,Yousef Ivanov,Iran
CP20571,John Brown,Mexico
CP20572,Jin Smith,Mexico
CP20573,Wei Volkov,Belarus
CP20574,Mohammed Volkov,Canada
CP20575,Sara Rahimi,United Kingdom
CP20576,Ali Wang,India
CP20577,Viktor Ivanov,United Arab Emirates
CP20578,Peter Khalil,Belarus
CP20579,Mark Karimi,Syria
CP20580,Ali Karimi,United States
CP20581,Hassan Sokolov,Belarus
CP20582,Mohammed Wang,Iran
CP20583,Mohammed Volkov,United States
CP20584,Mohammed Nouri,United Kingdom
CP20585,John Brown,Mexico
CP20586,Anna Sokolov,Nigeria
CP20587,Hassan Volkov,United Arab Emirates
CP20588,Ali Lee,Iran
CP20589,Viktor Hosseini,United States
CP20590,Yousef Hosseini,United States
CP20591,Anna Zhang,Nigeria
CP20592,Wei Lee,India
CP20593,John Sokolov,Russia
CP20594,Sara Nouri,Syria
CP20595,Hassan Khalil,United Arab Emirates
CP20596,Sara Khalil,Canada
CP20597,Yousef Hosseini,Canada
CP20598,Sergei Haddad,Turkey
CP20599,Reza Haddad,United States
CP20600,Ali Nouri,Nigeria
CP20601,John Wang,Russia
CP20602,Anna Rahimi,India
CP20603,Samir Wilson,Belarus
CP20604,Viktor Wang,Nigeria
CP20605,Ali Lee,Syria
CP20606,Sara Lee,United Arab Emirates
CP20607,Jin Rahimi,Russia
CP20608,Ali Wang,United Kingdom
CP20609,Ivan Al Rashid,United Kingdom
CP20610,Karim Karimi,India
CP20611,Sara Lee,United Kingdom
CP20612,Anna Haddad,Nigeria
CP20613,Mark Hosseini,Turkey
CP20614,Wei Karimi,Belarus
CP20615,Mohammed Sokolov,United States
CP20616,Farid Mansour,United Arab Emirates
CP20617,Sara Wilson,United Arab Emirates
CP20618,Ivan Zhang,Syria
CP20619,Ahmed Smith,Russia
CP20620,Nikolai Nouri,United States
CP20621,Yousef Sokolov,Nigeria
CP20622,Mark Petrov,Mexico
CP20623,Ali Hosseini,United States
CP20624,Jin Lee,Belarus
CP20625,Ahmed Haddad,Belarus
CP20626,Omar Haddad,North Korea
CP20627,Mark Wang,Iran
CP20628,Nikolai Mansour,Mexico
CP20629,Ali Petrov,Mexico
CP20630,Hassan Lee,India
CP20631,Jin Wang,Canada
CP20632,Samir Mansour,Canada
CP20633,Wei Rahimi,India
CP20634,Wei Wang,Iran
CP20635,Samir Haddad,Nigeria
CP20636,Ali Al Rashid,United Arab Emirates
CP20637,Ali Hosseini,Canada
CP20638,Sergei Wilson,Syria
CP20639,Hassan Lee,Syria
CP20640,Yousef Haddad,Belarus
CP20641,Karim Brown,India
CP20642,Hassan Haddad,India
CP20643,Mark Sokolov,Russia
CP20644,Anna Haddad,Mexico
CP20645,Sergei Lee,United Arab Emirates
CP20646,Jin Wilson,Nigeria
CP20647,Karim Wilson,Nigeria
CP20648,Farid Smith,Russia
CP20649,Yousef Lee,Nigeria
CP20650,Yousef Zhang,United Arab Emirates
CP20651,John Petrov,Iran
CP20652,Viktor Hosseini,India
CP20653,Ivan Smith,United Kingdom
CP20654,Sergei Al Rashid,Russia
CP20655,Mohammed Brown,United States
CP20656,Sara Lee,United States
CP20657,Mohammed Mansour,Canada
CP20658,Yousef Sokolov,United Arab Emirates
CP20659,Reza Mansour,Nigeria
CP20660,Viktor Lee,United Kingdom
CP20661,Omar Ivanov,Syria
CP20662,Reza Rahimi,Nigeria
CP20663,Yousef Wilson,Turkey
CP20664,Mark Haddad,Nigeria
CP20665,Ahmed Smith,Russia
CP20666,Karim Petrov,Mexico
CP20667,Jin Nouri,Syria
CP20668,Ali Hosseini,United Arab Emirates
CP20669,Viktor Sokolov,United Kingdom
CP20670,Sergei Hosseini,India
CP20671,Sergei Al Rashid,Turkey
CP20672,Sergei Mansour,United States
CP20673,Ali Lee,United Kingdom
CP20674,Reza Rahimi,India
CP20675,Sara Mansour,United Kingdom
CP20676,Wei Smith,India
CP20677,Nikolai Smith,Canada
CP20678,Mohammed Mansour,Russia
CP20679,Viktor Karimi,Iran
CP20680,Ivan Rahimi,Syria
CP20681,Nikolai Zhang,Nigeria
CP20682,Yousef Ivanov,Russia
CP20683,Sara Hosseini,Iran
CP20684,Peter Haddad,Russia
CP20685,Peter Wilson,Belarus
CP20686,Samir Wang,United Kingdom
CP20687,Omar Hosseini,Iran
CP20688,Omar Wilson,United Arab Emirates
CP20689,Ivan Rahimi,Syria
CP20690,Sergei Wang,Turkey
CP20691,John Sokolov,Syria
CP20692,Wei Zhang,Turkey
CP20693,Samir Brown,Nigeria
CP20694,Karim Lee,United Arab Emirates
CP20695,Sara Haddad,India
CP20696,Ahmed Rahimi,Belarus
CP20697,Reza Smith,United States
CP20698,Nikolai Haddad,Canada
CP20699,Mark Mansour,Turkey
CP20700,Karim Ivanov,Belarus
CP20701,Mark Wang,United Arab Emirates
CP20702,Mohammed Mansour,Iran
CP20703,Wei Sokolov,Canada
CP20704,Yousef Hosseini,Iran
CP20705,Yousef Rahimi,Iran
CP20706,Sara Zhang,Russia
CP20707,Wei Al Rashid,India
CP20708,Wei Nouri,Turkey
CP20709,Jin Mansour,Nigeria
CP20710,Mark Nouri,Russia
CP20711,Ali Karimi,Russia
CP20712,Farid Smith,Turkey
CP20713,Omar Rahimi,Russia
CP20714,Wei Petrov,Canada
CP20715,Ahmed Ivanov,United Kingdom
CP20716,Karim Hosseini,United Arab Emirates
CP20717,Yousef Lee,Nigeria
CP20718,Omar Nouri,Russia
CP20719,Omar Sokolov,United States
CP20720,Omar Lee,Iran
CP20721,Nikolai Hosseini,Turkey
CP20722,Wei Smith,Turkey
CP20723,Farid Petrov,Canada
CP20724,Mohammed Wilson,United Arab Emirates
CP20725,Nikolai Mansour,India
CP20726,Karim Lee,Canada
CP20727,Omar Rahimi,Syria
CP20728,Peter Lee,India
CP20729,Peter Mansour,Belarus
CP20730,Wei Karimi,Belarus
CP20731,Farid Volkov,United Arab Emirates
CP20732,Ivan Rahimi,Iran
CP20733,Karim Rahimi,Iran
CP20734,Peter Ivanov,Mexico
CP20735,Omar Zhang,United Kingdom
CP20736,Nikolai Haddad,India
CP20737,Mark Brown,United States
CP20738,Hassan Volkov,United States
CP20739,Sergei Wang,Syria
CP20740,Wei Nouri,United States
CP20741,Anna Zhang,United States
CP20742,Hassan Volkov,Syria
CP20743,Viktor Haddad,Nigeria
CP20744,Wei Rahimi,Canada
CP20745,Viktor Zhang,United Arab Emirates
CP20746,Sara Zhang,United Arab Emirates
CP20747,Sergei Sokolov,Syria
CP20748,Mark Petrov,Russia
CP20749,Viktor Al Rashid,Russia
CP20750,Viktor Ivanov,Syria
CP20751,Hassan Karimi,Iran
CP20752,Jin Al Rashid,India
CP20753,Farid Lee,Syria
CP20754,Hassan Brown,United Arab Emirates
CP20755,Ali Khalil,Syria
CP20756,John Petrov,India
CP20757,Peter Ivanov,Iran
CP20758,Viktor Smith,Nigeria
CP20759,Ali Haddad,Russia
CP20760,John Smith,Belarus
CP20761,Mohammed Zhang,Turkey
CP20762,Wei Al Rashid,Mexico
CP20763,Nikolai Nouri,United Arab Emirates
CP20764,Mohammed Brown,United Kingdom
CP20765,Hassan Khalil,Russia
CP20766,Reza Khalil,Russia
CP20767,Ali Hosseini,Mexico
CP20768,Karim Smith,Syria
CP20769,Karim Volkov,United Kingdom
CP20770,Ali Wang,Syria
CP20771,Sergei Sokolov,North Korea
CP20772,John Karimi,United States
CP20773,Reza Wilson,Mexico
CP20774,Reza Volkov,Turkey
CP20775,John Hosseini,United Kingdom
CP20776,Sergei Volkov,Nigeria
CP20777,Reza Wilson,Iran
CP20778,Wei Smith,Turkey
CP20779,Peter Al Rashid,Russia
CP20780,Ali Smith,Mexico
CP20781,Peter Hosseini,Turkey
CP20782,Yousef Khalil,Mexico
CP20783,Sergei Zhang,India
CP20784,Mark Petrov,Russia
CP20785,Sara Volkov,United Kingdom
CP20786,Peter Lee,Syria
CP20787,Jin Hosseini,Iran
CP20788,Yousef Mansour,Syria
CP20789,Mark Volkov,India
CP20790,Sara Al Rashid,India
CP20791,Omar Nouri,Iran
CP20792,Yousef Karimi,Mexico
CP20793,Reza Sokolov,Mexico
CP20794,Peter Volkov,Syria
CP20795,Farid Karimi,India
CP20796,Peter Rahimi,Canada
CP20797,Peter Al Rashid,United Arab Emirates
CP20798,Viktor Khalil,Turkey
CP20799,Sara Hosseini,Iran
CP20800,Wei Hosseini,India
CP20801,Sergei Mansour,Nigeria
CP20802,Karim Al Rashid,Nigeria
CP20803,John Hosseini,India
CP20804,Ali Sokolov,United Arab Emirates
CP20805,Jin Wilson,Canada
CP20806,Mark Al Rashid,United Arab Emirates
CP20807,Farid Karimi,Syria
CP20808,Reza Volkov,Iran
CP20809,Hassan Lee,United Kingdom
CP20810,Reza Wilson,Syria
CP20811,Ali Wilson,Syria
CP20812,Peter Petrov,Syria
CP20813,Mohammed Khalil,Belarus
CP20814,John Ivanov,Canada
CP20815,Nikolai Smith,Russia
CP20816,Sergei Lee,Canada
CP20817,Karim Haddad,Iran
CP20818,Reza Nouri,Russia
CP20819,Jin Karimi,Nigeria
CP20820,Anna Volkov,United Arab Emirates
CP20821,Ali Sokolov,United Arab Emirates
CP20822,Farid Hosseini,Syria
CP20823,Karim Zhang,Turkey
CP20824,Yousef Sokolov,United Arab Emirates
CP20825,Peter Karimi,United States
CP20826,Peter Mansour,Canada
CP20827,Karim Ivanov,Russia
CP20828,Mohammed Lee,Nigeria
CP20829,Ahmed Karimi,Mexico
CP20830,Karim Petrov,Canada
CP20831,Mark Hosseini,United Arab Emirates
CP20832,Ahmed Ivanov,Syria
CP20833,Jin Al Rashid,Canada
CP20834,Nikolai Brown,United States
CP20835,Yousef Zhang,Turkey
CP20836,Mohammed Ivanov,United Arab Emirates
CP20837,Anna Sokolov,Canada
CP20838,Yousef Petrov,Iran
CP20839,John Hosseini,United States
CP20840,John Karimi,United Arab Emirates
CP20841,Samir Karimi,Russia
CP20842,Hassan Nouri,Syria
CP20843,Wei Petrov,United States
CP20844,Ahmed Ivanov,United Arab Emirates
CP20845,Farid Mansour,Syria
CP20846,Mark Volkov,Syria
CP20847,Yousef Zhang,United Kingdom
CP20848,Reza Karimi,Russia
CP20849,Peter Khalil,Turkey
CP20850,Ahmed Ivanov,United Arab Emirates
CP20851,Sara Wilson,Canada
CP20852,Farid Volkov,Iran
CP20853,Ivan Smith,Russia
CP20854,Yousef Al Rashid,Belarus
CP20855,John Wang,United Kingdom
CP20856,Jin Rahimi,Turkey
CP20857,Sergei Mansour,United Arab Emirates
CP20858,Mark Haddad,Iran
CP20859,John Al Rashid,Iran
CP20860,Peter Al Rashid,Nigeria
CP20861,Samir Haddad,Belarus
CP20862,Ahmed Haddad,Russia
CP20863,Sergei Mansour,United Kingdom
CP20864,John Wang,Turkey
CP20865,Wei Wilson,India
CP20866,Karim Petrov,United States
CP20867,Ivan Lee,Russia
CP20868,Sara Ivanov,United States
CP20869,Jin Zhang,India
CP20870,Sergei Ivanov,Turkey
CP20871,Sergei Karimi,United Kingdom
CP20872,Mark Rahimi,Iran
CP20873,Sergei Hosseini,Turkey
CP20874,Reza Karimi,United Kingdom
CP20875,Ivan Hosseini,Belarus
CP20876,Yousef Zhang,United Kingdom
CP20877,Mohammed Wang,Mexico
CP20878,Anna Zhang,Russia
CP20879,Anna Wilson,Belarus
CP20880,Jin Zhang,Iran
CP20881,Viktor Wang,United Arab Emirates
CP20882,Jin Wilson,United Arab Emirates
CP20883,Peter Khalil,United States
CP20884,Reza Rahimi,India
CP20885,Sara Haddad,Canada
CP20886,Viktor Karimi,Mexico
CP20887,Hassan Rahimi,Iran
CP20888,Nikolai Al Rashid,Nigeria
CP20889,Ali Lee,Canada
CP20890,Anna Wilson,United Kingdom
CP20891,Karim Karimi,Turkey
CP20892,Samir Al Rashid,United Arab Emirates
CP20893,Viktor Ivanov,United Kingdom
CP20894,Jin Petrov,Canada
CP20895,Ahmed Hosseini,United Arab Emirates
CP20896,Samir Petrov,North Korea
CP20897,Mark Khalil,United Arab Emirates
CP20898,Anna Petrov,United Arab Emirates
CP20899,Sergei Lee,Belarus
CP20900,Omar Brown,Iran
CP20901,Omar Karimi,Canada
CP20902,Sara Al Rashid,United Arab Emirates
CP20903,Ali Al Rashid,United Kingdom
CP20904,Jin Smith,Russia
CP20905,Yousef Volkov,Turkey
CP20906,Ivan Rahimi,Mexico
CP20907,Ivan Al Rashid,Iran
CP20908,Reza Wilson,Syria
CP20909,John Sokolov,India
CP20910,Nikolai Ivanov,Turkey
CP20911,Jin Khalil,United States
CP20912,Sergei Brown,Iran
CP20913,Mohammed Sokolov,United Arab Emirates
CP20914,Reza Khalil,Turkey
CP20915,Reza Zhang,United Kingdom
CP20916,Sara Khalil,United Arab Emirates
CP20917,Mohammed Mansour,Iran
CP20918,Ivan Zhang,United Kingdom
CP20919,John Sokolov,Belarus
CP20920,Viktor Wang,Belarus
CP20921,Yousef Wilson,United Arab Emirates
CP20922,Samir Wilson,Syria
CP20923,Wei Hosseini,Iran
CP20924,Samir Karimi,Belarus
CP20925,Nikolai Haddad,Iran
CP20926,Ivan Nouri,Syria
CP20927,Sara Rahimi,Turkey
CP20928,Ali Wilson,Mexico
CP20929,Anna Nouri,Turkey
CP20930,Reza Al Rashid,Canada
CP20931,Jin Wilson,Belarus
CP20932,Ali Rahimi,Syria
CP20933,Mohammed Wilson,Iran
CP20934,Ahmed Nouri,United Kingdom
CP20935,Nikolai Sokolov,Belarus
CP20936,John Lee,Turkey
CP20937,Ahmed Brown,Syria
CP20938,Mark Khalil,United Arab Emirates
CP20939,Mark Smith,United Arab Emirates
CP20940,Mohamed Karimi,Russia
CP20941,Mohammed Brown,United Arab Emirates
CP20942,Ivan Al Rashid,India
CP20943,Yousef Sokolov,Belarus
CP20944,John Smith,Canada
CP20945,Samir Nouri,Turkey
CP20946,Ali Rahimi,Iran
CP20947,Sergei Al Rashid,India
CP20948,Mohammed Zhang,Iran
CP20949,Karim Brown,Canada
CP20950,Mark Brown,Iran
CP20951,Farid Rahimi,Canada
CP20952,Reza Sokolov,North Korea
CP20953,Omar Lee,United Arab Emirates
CP20954,Wei Lee,Russia
CP20955,Omar Khalil,Syria
CP20956,Yousef Volkov,Canada
CP20957,Mark Sokolov,Mexico
CP20958,John Nouri,United Kingdom
CP20959,John Wang,Belarus
CP20960,Sara Hosseini,Mexico
CP20961,Jin Volkov,United States
CP20962,Sergei Petrov,United Kingdom
CP20963,Hassan Haddad,India
CP20964,Sara Lee,India
CP20965,Sara Sokolov,India
CP20966,Ahmed Ivanov,Canada
CP20967,Farid Sokolov,Mexico
CP20968,Ahmed Petrov,Syria
CP20969,Farid Wilson,Nigeria
CP20970,Nikolai Sokolov,India
CP20971,Ahmed Mansour,Mexico
CP20972,John Karimi,Nigeria
CP20973,Yousef Petrov,Turkey
CP20974,Reza Smith,Syria
CP20975,Nikolai Nouri,Mexico
CP20976,Hassan Hosseini,Belarus
CP20977,Farid Al Rashid,United Kingdom
CP20978,Anna Volkov,Russia
CP20979,Nikolai Wilson,United Kingdom
CP20980,Reza Smith,United States
CP20981,Wei Petrov,Nigeria
CP20982,Farid Nouri,Iran
CP20983,Wei Petrov,Mexico
CP20984,Ahmed Brown,Russia
CP20985,Farid Brown,United States
CP20986,John Petrov,Russia
CP20987,Viktor Hosseini,United Arab Emirates
CP20988,Yousef Rahimi,United Kingdom
CP20989,Sergei Zhang,Mexico
CP20990,Wei Smith,India
CP20991,Anna Wang,United States
CP20992,Samir Rahimi,Syria
CP20993,Reza Khalil,Turkey
CP20994,Omar Smith,United Kingdom
CP20995,Anna Haddad,Turkey
CP20996,Omar Nouri,Iran
CP20997,Reza Sokolov,Nigeria
CP20998,Nikolai Khalil,Turkey
CP20999,Mohammed Lee,Turkey
CP21000,Peter Zhang,Turkey
CP21001,John Karimi,United Arab Emirates
CP21002,Karim Karimi,Turkey
CP21003,Ali Mansour,United States
CP21004,Sara Zhang,United Arab Emirates
CP21005,Anna Hosseini,Iran
CP21006,Nikolai Volkov,Nigeria
CP21007,Sergei Petrov,Syria
CP21008,Samir Wilson,Russia
CP21009,Anna Khalil,Nigeria
CP21010,Reza Petrov,United States
CP21011,Viktor Brown,United Kingdom
CP21012,Reza Al Rashid,Turkey
CP21013,Anna Mansour,Canada
CP21014,Karim Al Rashid,Turkey
CP21015,Ahmed Sokolov,Iran
CP21016,Viktor Sokolov,Iran
CP21017,Mark Khalil,Canada
CP21018,Viktor Smith,Syria
CP21019,Mohammed Lee,United Arab Emirates
CP21020,Ali Zhang,United States
CP21021,Karim Nouri,Iran
CP21022,Ahmed Rahimi,United Kingdom
CP21023,Nikolai Haddad,Nigeria
CP21024,Mohammed Wilson,Syria
CP21025,Farid Petrov,Belarus
CP21026,Mohammed Zhang,Turkey
CP21027,Ali Petrov,Belarus
CP21028,Omar Khalil,United Arab Emirates
CP21029,Reza Nouri,Belarus
CP21030,John Zhang,United Kingdom
CP21031,Farid Volkov,Mexico
CP21032,Reza Smith,Canada
CP21033,Viktor Petrov,Syria
CP21034,Sara Karimi,United States
CP21035,Ali Mansour,United States
CP21036,Viktor Haddad,India
CP21037,Hassan Volkov,India
CP21038,Wei Zhang,Iran
CP21039,Karim Zhang,Iran
CP21040,Ivan Sokolov,Mexico
CP21041,Samir Mansour,United Arab Emirates
CP21042,Wei Rahimi,Iran
CP21043,Sara Volkov,Belarus
CP21044,Samir Volkov,India
CP21045,Sergei Sokolov,Nigeria
CP21046,Ivan Haddad,Iran
CP21047,Sara Rahimi,Syria
CP21048,Sara Wilson,United States
CP21049,Ivan Wilson,United States
CP21050,Omar Petrov,United Kingdom
CP21051,Farid Hosseini,Canada
CP21052,Mohammed Nouri,Iran
CP21053,Samir Mansour,Russia
CP21054,Sara Volkov,United Arab Emirates
CP21055,Ahmed Hosseini,Canada
CP21056,Ivan Al Rashid,United Kingdom
CP21057,Sergei Zhang,Canada
CP21058,Samir Smith,United Kingdom
CP21059,Yousef Rahimi,Canada
CP21060,Sara Smith,United States
CP21061,Mohammed Lee,Canada
CP21062,Jin Al Rashid,Russia
CP21063,Ivan Nouri,Syria
CP21064,Jin Zhang,Mexico
CP21065,Mark Khalil,Turkey
CP21066,Farid Wilson,Iran
CP21067,Sergei Hosseini,Iran
CP21068,Ali Sokolov,India
CP21069,Samir Ivanov,India
CP21070,Farid Nouri,Turkey
CP21071,Mohammed Petrov,United Kingdom
CP21072,Wei Nouri,Turkey
CP21073,Jin Petrov,Nigeria
CP21074,Samir Wilson,Canada
CP21075,Ivan Petrov,Canada
CP21076,Mark Al Rashid,Syria
CP21077,Mark Karimi,Syria
CP21078,Ali Haddad,Nigeria
CP21079,Samir Haddad,Syria
CP21080,Yousef Wilson,United Kingdom
CP21081,Ivan Zhang,Belarus
CP21082,Reza Hosseini,Canada
CP21083,Omar Petrov,Syria
CP21084,Farid Nouri,Belarus
CP21085,Reza Ivanov,Syria
CP21086,Mark Al Rashid,Canada
CP21087,Mohammed Sokolov,Iran
CP21088,Hassan Nouri,Syria
CP21089,Mark Brown,Iran
CP21090,Mohammed Brown,Turkey
CP21091,Mark Volkov,Turkey
CP21092,Samir Lee,United States
CP21093,Ahmed Nouri,Turkey
CP21094,Yousef Nouri,Turkey
CP21095,Wei Wilson,Syria
CP21096,Omar Wang,United States
CP21097,Mark Nouri,Belarus
CP21098,Farid Rahimi,Syria
CP21099,Omar Ivanov,Belarus
CP21100,Sergei Khalil,Nigeria
CP21101,Jin Ivanov,India
CP21102,Sergei Wang,Russia
CP21103,Sergei Haddad,Canada
CP21104,Sara Zhang,United States
CP21105,Peter Karimi,Iran
CP21106,Karim Karimi,Syria
CP21107,Farid Wang,Turkey
CP21108,Sergei Petrov,India
CP21109,Viktor Wilson,Turkey
CP21110,Anna Khalil,Syria
CP21111,Hassan Zhang,Belarus
CP21112,Karim Sokolov,India
CP21113,Mohammed Rahimi,Belarus
CP21114,Viktor Nouri,Russia
CP21115,Viktor Zhang,United States
CP21116,John Smith,Mexico
CP21117,Omar Lee,Syria
CP21118,Ahmed Mansour,Canada
CP21119,Wei Petrov,Turkey
CP21120,Ali Sokolov,India
CP21121,Ivan Mansour,United Arab Emirates
CP21122,Jin Zhang,Belarus
CP21123,Jin Al Rashid,Russia
CP21124,Mark Nouri,United Arab Emirates
CP21125,Karim Hosseini,United States
CP21126,Mark Karimi,India
CP21127,Mark Sokolov,India
CP21128,Ali Hosseini,Syria
CP21129,Nikolai Smith,Russia
CP21130,Viktor Volkov,Turkey
CP21131,Peter Petrov,Mexico
CP21132,Nikolai Wilson,United Kingdom
CP21133,Karim Karimi,Canada
CP21134,Farid Hosseini,Russia
CP21135,Wei Khalil,Mexico
CP21136,Hassan Mansour,Canada
CP21137,John Ivanov,Syria
CP21138,Reza Brown,Iran
CP21139,John Mansour,United Kingdom
CP21140,Nikolai Petrov,United Kingdom
CP21141,John Zhang,Belarus
CP21142,Ahmed Wilson,Iran
CP21143,Sergei Ivanov,Belarus
CP21144,Karim Mansour,Iran
CP21145,Yousef Karimi,United Kingdom
CP21146,Mohammed Sokolov,Turkey
CP21147,Farid Sokolov,Syria
CP21148,Hassan Khalil,United States
CP21149,Nikolai Khalil,Mexico
CP21150,Karim Khalil,Belarus
CP21151,Farid Zhang,North Korea
CP21152,Reza Hosseini,Russia
CP21153,Ivan Hosseini,Turkey
CP21154,Ali Ivanov,United Kingdom
CP21155,Ivan Volkov,Turkey
CP21156,Sergei Haddad,Syria
CP21157,Viktor Karimi,Iran
CP21158,Viktor Rahimi,United Kingdom
CP21159,Sergei Petrov,Iran
CP21160,Viktor Mansour,Mexico
CP21161,Jin Sokolov,Mexico
CP21162,Peter Haddad,Nigeria
CP21163,Ali Al Rashid,Canada
CP21164,Farid Mansour,United Kingdom
CP21165,Ahmed Hosseini,United States
CP21166,Sergei Karimi,Belarus
CP21167,Samir Khalil,India
CP21168,Sergei Brown,Mexico
CP21169,Ahmed Smith,United Kingdom
CP21170,Viktor Wang,Syria
CP21171,Mohammed Brown,Syria
CP21172,Jin Hosseini,United States
CP21173,Ahmed Sokolov,Nigeria
CP21174,Hassan Hosseini,India
CP21175,Sergei Volkov,Mexico
CP21176,Nikolai Karimi,India
CP21177,Viktor Sokolov,Russia
CP21178,John Brown,United Arab Emirates
CP21179,Reza Lee,United Kingdom
CP21180,Nikolai Wilson,Nigeria
CP21181,Nikolai Khalil,Canada
CP21182,Ahmed Khalil,United States
CP21183,John Wang,Belarus
CP21184,Farid Khalil,Mexico
CP21185,Karim Nouri,Canada
CP21186,Jin Hosseini,United Kingdom
CP21187,Ivan Sokolov,Nigeria
CP21188,Farid Sokolov,United States
CP21189,Anna Rahimi,Syria
CP21190,Yousef Karimi,Russia
CP21191,Ali Zhang,Nigeria
CP21192,Farid Petrov,United Kingdom
CP21193,Sergei Wang,Russia
CP21194,Reza Lee,Turkey
CP21195,Reza Smith,Syria
CP21196,Nikolai Al Rashid,Russia
CP21197,Hassan Rahimi,Nigeria
CP21198,Mohammed Rahimi,Syria
CP21199,Yousef Sokolov,Syria
CP21200,Sara Wilson,Syria
CP21201,Jin Al Rashid,Mexico
CP21202,Reza Sokolov,North Korea
CP21203,Ivan Rahimi,Mexico
CP21204,Farid Smith,United States
CP21205,Ahmed Khalil,Turkey
CP21206,Yousef Al Rashid,Mexico
CP21207,Mark Zhang,Belarus
CP21208,Ivan Wilson,Syria
CP21209,Viktor Wilson,Canada
CP21210,Anna Wang,Belarus
CP21211,Farid Wang,Syria
CP21212,Nikolai Wilson,Canada
CP21213,Ali Nouri,United Arab Emirates
CP21214,Yousef Ivanov,United States
CP21215,Yousef Mansour,Russia
CP21216,Reza Lee,Iran
CP21217,Farid Rahimi,Syria
CP21218,Mark Wilson,Belarus
CP21219,Farid Ivanov,United States
CP21220,Samir Rahimi,India
CP21221,John Volkov,United Kingdom
CP21222,Ali Khalil,Iran
CP21223,Sara Wilson,Iran
CP21224,Sara Mansour,United States
CP21225,Samir Zhang,United Kingdom
CP21226,Hassan Smith,Iran
CP21227,Ali Volkov,Nigeria
CP21228,Anna Haddad,Turkey
CP21229,Yousef Wilson,Mexico
CP21230,Samir Nouri,Belarus
CP21231,John Petrov,United States
CP21232,Yousef Wang,United Arab Emirates
CP21233,Sara Haddad,Russia
CP21234,Karim Wang,Turkey
CP21235,Ahmed Karimi,United States
CP21236,Nikolai Haddad,United Kingdom
CP21237,Ali Hosseini,Mexico
CP21238,Samir Hosseini,India
CP21239,Karim Ivanov,Russia
CP21240,Karim Sokolov,Belarus
CP21241,Viktor Wilson,Canada
CP21242,Ivan Zhang,Canada
CP21243,Viktor Nouri,Syria
CP21244,Nikolai Brown,Canada
CP21245,Anna Volkov,United Kingdom
CP21246,Jin Volkov,United Arab Emirates
CP21247,Omar Wang,Turkey
CP21248,John Wilson,Turkey
CP21249,Ivan Al Rashid,Iran
CP21250,Sergei Brown,Canada
CP21251,Nikolai Wilson,India
CP21252,Hassan Wilson,United Kingdom
CP21253,Nikolai Zhang,Belarus
CP21254,John Brown,United States
CP21255,Mohamed Wang,North Korea
CP21256,Yousef Rahimi,Canada
CP21257,Mark Wang,Syria
CP21258,Reza Sokolov,India
CP21259,Peter Volkov,Iran
CP21260,Samir Al Rashid,Canada
CP21261,Viktor Wilson,United Arab Emirates
CP21262,Sergei Volkov,Syria
CP21263,Reza Rahimi,United Kingdom
CP21264,Omar Khalil,Belarus
CP21265,Yousef Zhang,United Kingdom
CP21266,Anna Mansour,Syria
CP21267,Mark Rahimi,Syria
CP21268,Samir Petrov,Canada
CP21269,Yousef Petrov,Syria
CP21270,Nikolai Wilson,United Arab Emirates
CP21271,Omar Nouri,Turkey
CP21272,Ali Haddad,Russia
CP21273,Anna Haddad,Mexico
CP21274,Viktor Haddad,United Kingdom
CP21275,John Karimi,United Kingdom
CP21276,Yousef Hosseini,Syria
CP21277,John Mansour,Turkey
CP21278,Peter Karimi,Russia
CP21279,Ivan Khalil,Iran
CP21280,Nikolai Mansour,North Korea
CP21281,Karim Brown,United Kingdom
CP21282,Peter Petrov,United Kingdom
CP21283,Samir Haddad,United Arab Emirates
CP21284,Anna Volkov,Canada
CP21285,Mohammed Khalil,Canada
CP21286,Anna Al Rashid,Belarus
CP21287,Ali Al Rashid,Canada
CP21288,Anna Volkov,Russia
CP21289,Jin Haddad,Belarus
CP21290,Ahmed Khalil,Belarus
CP21291,Omar Petrov,Iran
CP21292,Omar Mansour,United Arab Emirates
CP21293,Ali Wang,Mexico
CP21294,Reza Wilson,Mexico
CP21295,Nikolai Zhang,United States
CP21296,Reza Hosseini,United States
CP21297,Sergei Sokolov,United Kingdom
CP21298,Ahmed Hosseini,Belarus
CP21299,Mark Al Rashid,Nigeria
CP21300,Viktor Rahimi,Canada
CP21301,Ahmed Wang,Belarus
CP21302,Mohammed Haddad,Russia
CP21303,Farid Al Rashid,Nigeria
CP21304,Yousef Nouri,Russia
CP21305,Ivan Haddad,Belarus
CP21306,Farid Sokolov,United Arab Emirates
CP21307,Reza Nouri,Russia
CP21308,John Mansour,United States
CP21309,Peter Rahimi,Canada
CP21310,Mohammed Al Rashid,Russia
CP21311,Samir Hosseini,United States
CP21312,John Al Rashid,Canada
CP21313,Wei Rahimi,Canada
CP21314,Jin Petrov,Belarus
CP21315,Samir Rahimi,Nigeria
CP21316,Viktor Sokolov,Nigeria
CP21317,Ahmed Rahimi,Belarus
CP21318,Ahmed Ivanov,United States
CP21319,Sara Zhang,United Arab Emirates
CP21320,Farid Wang,United States
CP21321,Karim Al Rashid,Nigeria
CP21322,Farid Sokolov,United Arab Emirates
CP21323,Hassan Al Rashid,Iran
CP21324,Mohammed Hosseini,Russia
CP21325,John Wilson,Nigeria
CP21326,Karim Smith,United States
CP21327,Farid Ivanov,United Kingdom
CP21328,Karim Rahimi,Canada
CP21329,Peter Nouri,United Kingdom
CP21330,Nikolai Wang,North Korea
CP21331,Omar Al Rashid,Mexico
CP21332,Yousef Wang,Canada
CP21333,Hassan Haddad,Russia
CP21334,Yousef Ivanov,United Kingdom
CP21335,Yousef Hosseini,United Kingdom
CP21336,Sergei Brown,Belarus
CP21337,Sara Wang,Turkey
CP21338,Yousef Brown,Nigeria
CP21339,Sergei Al Rashid,United States
CP21340,Wei Haddad,Canada
CP21341,Mark Mansour,India
CP21342,Sara Nouri,Belarus
CP21343,Ivan Zhang,North Korea
CP21344,Viktor Karimi,Nigeria
CP21345,Karim Brown,Russia
CP21346,Sergei Haddad,Belarus
CP21347,Wei Smith,United Arab Emirates
CP21348,Anna Brown,Canada
CP21349,Sergei Ivanov,United Arab Emirates
CP21350,Wei Sokolov,Syria
CP21351,Nikolai Zhang,United States
CP21352,John Khalil,India
CP21353,Omar Al Rashid,India
CP21354,Hassan Zhang,Syria
CP21355,Ahmed Smith,Belarus
CP21356,Samir Mansour,India
CP21357,Sergei Hosseini,Belarus
CP21358,Nikolai Ivanov,Iran
CP21359,Ivan Wang,Syria
CP21360,Nikolai Brown,India
CP21361,Hassan Mansour,Syria
CP21362,Wei Haddad,Nigeria
CP21363,Jin Zhang,India
CP21364,Yousef Mansour,Syria
CP21365,Mark Khalil,Mexico
CP21366,Omar Lee,Turkey
CP21367,Ali Rahimi,India
CP21368,Jin Hosseini,United Arab Emirates
CP21369,Reza Rahimi,Iran
CP21370,Farid Mansour,Russia
CP21371,John Zhang,Canada
CP21372,Samir Mansour,Syria
CP21373,John Al Rashid,India
CP21374,Omar Mansour,Turkey
CP21375,Mark Brown,Russia
CP21376,Karim Zhang,Syria
CP21377,Farid Lee,Mexico
CP21378,Nikolai Mansour,Russia
CP21379,Jin Petrov,United States
CP21380,Peter Haddad,Belarus
CP21381,Samir Karimi,Mexico
CP21382,Omar Karimi,Nigeria
CP21383,John Mansour,Turkey
CP21384,Ahmed Petrov,Iran
CP21385,Ahmed Zhang,United Arab Emirates
CP21386,Peter Wilson,Canada
CP21387,Samir Hosseini,India
CP21388,Jin Volkov,United States
CP21389,Ahmed Rahimi,Iran
CP21390,Viktor Haddad,India
CP21391,Nikolai Ivanov,United Arab Emirates
CP21392,Ivan Mansour,Turkey
CP21393,Ivan Karimi,Mexico
CP21394,Yousef Al Rashid,United Arab Emirates
CP21395,Nikolai Volkov,Belarus
CP21396,Anna Ivanov,Nigeria
CP21397,Farid Volkov,Nigeria
CP21398,Anna Khalil,United States
CP21399,Farid Hosseini,Canada
CP21400,Omar Lee,Canada
CP21401,Ivan Mansour,United Arab Emirates
CP21402,Mohammed Petrov,United Arab Emirates
CP21403,Ahmed Wang,Canada
CP21404,Ivan Mansour,Mexico
CP21405,Wei Hosseini,Belarus
CP21406,Samir Mansour,Mexico
CP21407,Mark Petrov,United Kingdom
CP21408,Anna Lee,Iran
CP21409,Karim Wang,Turkey
CP21410,Mohammed Wilson,Belarus
CP21411,Jin Smith,Russia
CP21412,Jin Wilson,Nigeria
CP21413,Sara Karimi,Canada
CP21414,Mohammed Mansour,United States
CP21415,Karim Petrov,Turkey
CP21416,Peter Sokolov,India
CP21417,Karim Zhang,United States
CP21418,Jin Khalil,Russia
CP21419,Hassan Mansour,United Arab Emirates
CP21420,Ahmed Zhang,Syria
CP21421,Wei Ivanov,India
CP21422,Sara Khalil,Russia
CP21423,Ivan Volkov,United Arab Emirates
CP21424,Nikolai Khalil,Syria
CP21425,Anna Mansour,United Kingdom
CP21426,Samir Haddad,Iran
CP21427,Ivan Rahimi,Russia
CP21428,Samir Khalil,Russia
CP21429,Ahmed Wilson,Turkey
CP21430,Hassan Wang,Nigeria
CP21431,Farid Petrov,United States
CP21432,Samir Nouri,Iran
CP21433,Sara Rahimi,Iran
CP21434,Ali Lee,India
CP21435,Sara Ivanov,Syria
CP21436,Mohammed Brown,India
CP21437,Ali Al Rashid,Syria
CP21438,Samir Wilson,Canada
CP21439,Mohammed Wilson,Nigeria
CP21440,Karim Lee,Turkey
CP21441,Omar Rahimi,Syria
CP21442,Anna Petrov,Russia
CP21443,Jin Mansour,United States
CP21444,Ivan Hosseini,Syria
CP21445,Reza Al Rashid,Belarus
CP21446,John Mansour,Mexico
CP21447,Wei Petrov,Syria
CP21448,Anna Volkov,Belarus
CP21449,Farid Volkov,India
CP21450,Yousef Smith,India
CP21451,Mark Zhang,Mexico
CP21452,Karim Rahimi,Belarus
CP21453,Ivan Nouri,Russia
CP21454,Mark Sokolov,Syria
CP21455,Nikolai Karimi,United Kingdom
CP21456,Reza Al Rashid,United Arab Emirates
CP21457,Reza Sokolov,North Korea
CP21458,Sergei Rahimi,Russia
CP21459,Sara Nouri,Iran
CP21460,Omar Al Rashid,United Arab Emirates
CP21461,Viktor Karimi,India
CP21462,Mark Petrov,United Kingdom
CP21463,Viktor Brown,India
CP21464,Nikolai Volkov,Belarus
CP21465,Ivan Mansour,India
CP21466,Reza Mansour,Russia
CP21467,Sara Mansour,United Arab Emirates
CP21468,Mohammed Zhang,Nigeria
CP21469,Ivan Lee,Belarus
CP21470,Reza Smith,Mexico
CP21471,Reza Khalil,Turkey
CP21472,Jin Rahimi,Russia
CP21473,Peter Nouri,Belarus
CP21474,Ivan Wilson,United Arab Emirates
CP21475,Jin Ivanov,India
CP21476,Anna Ivanov,India
CP21477,Reza Nouri,United States
CP21478,John Khalil,United Kingdom
CP21479,Peter Nouri,Nigeria
CP21480,Mohammed Wilson,United Arab Emirates
CP21481,Ahmad Nouri,Belarus
CP21482,Hassan Sokolov,Canada
CP21483,Nikolai Volkov,Russia
CP21484,Ahmed Smith,India
CP21485,Omar Al Rashid,India
CP21486,Samir Karimi,Iran
CP21487,Viktor Smith,Belarus
CP21488,Yousef Khalil,Iran
CP21489,Yousef Al Rashid,Russia
CP21490,Mark Petrov,Belarus
CP21491,Yousef Wilson,Turkey
CP21492,Sergei Al-Rashid,North Korea
CP21493,Anna Karimi,Nigeria
CP21494,Mark Volkov,Iran
CP21495,Viktor Wilson,United Arab Emirates
CP21496,Ali Al Rashid,United States
CP21497,Sergei Khalil,Canada
CP21498,Mohammed Brown,United Arab Emirates
CP21499,Hassan Wilson,Nigeria
CP21500,Ivan Rahimi,Mexico
CP21501,Wei Khalil,United Arab Emirates
CP21502,Sergei Zhang,United States
CP21503,Ivan Zhang,Nigeria
CP21504,Nikolai Volkov,United States
CP21505,Nikolai Petrov,Nigeria
CP21506,Ivan Rahimi,United Arab Emirates
CP21507,Sara Hosseini,Syria
CP21508,Peter Ivanov,Iran
CP21509,Wei Karimi,Syria
CP21510,Yousef Khalil,Russia
CP21511,Anna Zhang,Iran
CP21512,Karim Mansour,Syria
CP21513,Mark Zhang,United Kingdom
CP21514,Samir Rahimi,Syria
CP21515,Omar Haddad,Mexico
CP21516,John Brown,United States
CP21517,Jin Wilson,United Kingdom
CP21518,Reza Mansour,United States
CP21519,Wei Smith,United Arab Emirates
CP21520,Samir Zhang,Mexico
CP21521,Samir Rahimi,Iran
CP21522,Wei Haddad,Canada
CP21523,Omar Ivanov,Canada
CP21524,Peter Wang,United States
CP21525,Karim Volkov,United Kingdom
CP21526,Ahmed Smith,Syria
CP21527,Karim Lee,United Kingdom
CP21528,Farid Hosseini,Nigeria
CP21529,Ali Rahimi,Iran
CP21530,Nikolai Khalil,Nigeria
CP21531,Yousef Ivanov,Mexico
CP21532,Nikolai Karimi,Belarus
CP21533,Ali Wang,Syria
CP21534,Mark Haddad,Russia
CP21535,Ali Wang,Turkey
CP21536,Ahmed Wilson,Nigeria
CP21537,Hassan Rahimi,United Arab Emirates
CP21538,Peter Wilson,Iran
CP21539,Nikolai Ivanov,North Korea
CP21540,Hassan Nouri,Mexico
CP21541,Ivan Volkov,United States
CP21542,John Petrov,Syria
CP21543,Karim Smith,Mexico
CP21544,Reza Zhang,Canada
CP21545,John Rahimi,Nigeria
CP21546,Hassan Wang,Belarus
CP21547,Peter Wang,United Kingdom
CP21548,Nikolai Rahimi,Russia
CP21549,John Lee,Syria
CP21550,Nikolai Khalil,United Arab Emirates
CP21551,Ali Hosseini,Syria
CP21552,Yousef Al Rashid,Russia
CP21553,Mark Wang,Nigeria
CP21554,Mark Khalil,India
CP21555,Sergei Hosseini,Nigeria
CP21556,Reza Ivanov,Nigeria
CP21557,Hassan Petrov,Iran
CP21558,Jin Rahimi,Russia
CP21559,Nikolai Rahimi,United States
CP21560,Sara Karimi,Nigeria
CP21561,Hassan Lee,United States
CP21562,Anna Nouri,United States
CP21563,Omar Wilson,Syria
CP21564,Sara Haddad,Russia
CP21565,Sara Zhang,Iran
CP21566,Ali Lee,Iran
CP21567,Sergei Khalil,Turkey
CP21568,Mohamed Hosseini,Russia
CP21569,Hassan Volkov,Mexico
CP21570,Wei Rahimi,Mexico
CP21571,Farid Zhang,North Korea
CP21572,Reza Ivanov,India
CP21573,Sara Hosseini,United Kingdom
CP21574,Wei Khalil,Russia
CP21575,Wei Wilson,India
CP21576,Anna Wang,Syria
CP21577,Reza Smith,Mexico
CP21578,Sergei Mansour,North Korea
CP21579,Mohammed Lee,Canada
CP21580,Sara Rahimi,Canada
CP21581,Ivan Wang,Iran
CP21582,John Mansour,United Kingdom
CP21583,Omar Haddad,Turkey
CP21584,Reza Sokolov,Syria
CP21585,Wei Volkov,Russia
CP21586,Samir Brown,Syria
CP21587,Reza Hosseini,Canada
CP21588,Nikolai Karimi,United States
CP21589,Wei Mansour,United Kingdom
CP21590,Yousef Rahimi,Syria
CP21591,Omar Ivanov,United States
CP21592,Ali Wang,India
CP21593,Ahmed Sokolov,United Kingdom
CP21594,Ali Wilson,Iran
CP21595,Viktor Haddad,Turkey
CP21596,Omar Zhang,United Kingdom
CP21597,Nikolai Khalil,Nigeria
CP21598,Karim Wang,Mexico
CP21599,Ivan Zhang,Iran
CP21600,Samir Haddad,Nigeria
CP21601,Sergei Smith,United Kingdom
CP21602,Hassan Zhang,United Arab Emirates
CP21603,Ivan Khalil,Iran
CP21604,Nikolai Petrov,United Arab Emirates
CP21605,Ali Lee,Russia
CP21606,Mark Haddad,United States
CP21607,Mark Zhang,Iran
CP21608,Mark Al Rashid,Russia
CP21609,Mark Brown,Nigeria
CP21610,Mohamed Wang,Syria
CP21611,Mark Haddad,United Kingdom
CP21612,Mark Wang,United Kingdom
CP21613,Samir Volkov,United Kingdom
CP21614,Wei Mansour,Turkey
CP21615,Nikolai Wilson,Canada
CP21616,Samir Mansour,Belarus
CP21617,Farid Karimi,Nigeria
CP21618,Karim Sokolov,India
CP21619,Jin Zhang,Belarus
CP21620,Peter Hosseini,United States
CP21621,Ivan Al Rashid,Mexico
CP21622,Farid Wang,Iran
CP21623,Farid Nouri,India
CP21624,Omar Nouri,Iran
CP21625,Mark Lee,United Kingdom
CP21626,Mark Karimi,United Arab Emirates
CP21627,Ivan Haddad,United States
CP21628,Reza Nouri,United Kingdom
CP21629,Samir Karimi,Canada
CP21630,Nikolai Volkov,United Arab Emirates
CP21631,Ahmed Brown,Russia
CP21632,Yousef Lee,India
CP21633,Sara Volkov,India
CP21634,Sara Petrov,Russia
CP21635,Samir Lee,United Kingdom
CP21636,Samir Ivanov,United Kingdom
CP21637,Ivan Wang,Canada
CP21638,Nikolai Al Rashid,Canada
CP21639,Farid Nouri,Nigeria
CP21640,Jin Khalil,India
CP21641,Yousef Nouri,Turkey
CP21642,Viktor Zhang,Canada
CP21643,John Hosseini,India
CP21644,Farid Mansour,Iran
CP21645,Mohammed Sokolov,India
CP21646,John Haddad,United States
CP21647,Sara Zhang,United Kingdom
CP21648,Anna Smith,Russia
CP21649,Wei Petrov,Canada
CP21650,Peter Al Rashid,United Arab Emirates
CP21651,John Sokolov,United States
CP21652,Reza Brown,India
CP21653,Wei Lee,Turkey
CP21654,Anna Wang,Nigeria
CP21655,Mark Volkov,Mexico
CP21656,Jin Brown,India
CP21657,Farid Hosseini,United Arab Emirates
CP21658,Viktor Ivanov,Nigeria
CP21659,Yousef Zhang,Mexico
CP21660,Sergei Hosseini,Iran
CP21661,Ali Wang,Syria
CP21662,Viktor Sokolov,India
CP21663,Viktor Lee,United States
CP21664,Hassan Rahimi,Canada
CP21665,Ahmed Petrov,United States
CP21666,Jin Lee,Russia
CP21667,Sergei Petrov,Syria
CP21668,Wei Rahimi,United States
CP21669,Mohammed Sokolov,Belarus
CP21670,Mohammed Volkov,Belarus
CP21671,Wei Khalil,Turkey
CP21672,Ivan Smith,United Kingdom
CP21673,Anna Sokolov,Turkey
CP21674,Mohamed Ivanov,Syria
CP21675,Jin Hosseini,Nigeria
CP21676,Ivan Hosseini,Canada
CP21677,Viktor Khalil,Belarus
CP21678,Omar Ivanov,Canada
CP21679,Sara Mansour,Belarus
CP21680,Reza Al Rashid,India
CP21681,Wei Brown,United Arab Emirates
CP21682,Viktor Petrov,Mexico
CP21683,Karim Sokolov,Syria
CP21684,John Hosseini,United States
CP21685,Sergei Rahimi,Belarus
CP21686,Omar Haddad,Nigeria
CP21687,Nikolai Al Rashid,India
CP21688,Reza Brown,Nigeria
CP21689,Farid Volkov,Mexico
CP21690,Reza Karimi,Belarus
CP21691,Mohammed Hosseini,Syria
CP21692,Sergei Khalil,Canada
CP21693,Ivan Al Rashid,India
CP21694,Viktor Hosseini,United Arab Emirates
CP21695,Omar Al Rashid,Belarus
CP21696,John Nouri,Iran
CP21697,Ali Hosseini,United States
CP21698,Ahmed Khalil,Turkey
CP21699,Reza Wilson,Syria
CP21700,Ahmed Hosseini,United Kingdom
CP21701,Hassan Petrov,India
CP21702,Anna Mansour,Nigeria
CP21703,Sara Haddad,Canada
CP21704,Ahmed Zhang,Syria
CP21705,Ali Khalil,Nigeria
CP21706,Nikolai Khalil,Nigeria
CP21707,Peter Karimi,United Kingdom
CP21708,Karim Lee,United Arab Emirates
CP21709,Viktor Sokolov,United Arab Emirates
CP21710,Ivan Mansour,United Kingdom
CP21711,John Wang,Turkey
CP21712,Farid Volkov,Russia
CP21713,Mohammed Zhang,Turkey
CP21714,Ivan Volkov,North Korea
CP21715,Farid Haddad,United Kingdom
CP21716,Sara Zhang,Nigeria
CP21717,Hassan Ivanov,Canada
CP21718,Ali Al Rashid,India
CP21719,Sergei Wilson,United States
CP21720,Ahmed Ivanov,Mexico
CP21721,Sara Khalil,Turkey
CP21722,Peter Lee,Mexico
CP21723,Hassan Khalil,Syria
CP21724,Viktor Sokolov,United Kingdom
CP21725,Karim Al Rashid,Mexico
CP21726,Mark Zhang,Nigeria
CP21727,Farid Nouri,United Arab Emirates
CP21728,Anna Hosseini,Russia
CP21729,Farid Hosseini,United Arab Emirates
CP21730,John Al Rashid,India
CP21731,Ahmed Brown,Nigeria
CP21732,Reza Mansour,United Kingdom
CP21733,Omar Hosseini,United States
CP21734,Samir Al Rashid,United Arab Emirates
CP21735,Ali Lee,Iran
CP21736,Jin Haddad,Iran
CP21737,Mohammed Volkov,Russia
CP21738,Ahmed Petrov,Syria
CP21739,Hassan Lee,India
CP21740,John Zhang,Iran
CP21741,Ahmed Khalil,United Arab Emirates
CP21742,Jin Zhang,United Arab Emirates
CP21743,Samir Ivanov,Turkey
CP21744,Anna Wilson,Turkey
CP21745,Yousef Karimi,United Kingdom
CP21746,Samir Zhang,Turkey
CP21747,Sara Volkov,United States
CP21748,Sergei Brown,Canada
CP21749,Farid Hosseini,Mexico
CP21750,Samir Zhang,Nigeria
CP21751,Mark Hosseini,Mexico
CP21752,Anna Rahimi,Turkey
CP21753,Ali Haddad,Nigeria
CP21754,Anna Hosseini,Nigeria
CP21755,Viktor Al Rashid,Canada
CP21756,John Hosseini,Syria
CP21757,Farid Khalil,Canada
CP21758,Mark Smith,Turkey
CP21759,Nikolai Wilson,United Kingdom
CP21760,Sergei Al Rashid,Iran
CP21761,Karim Hosseini,Iran
CP21762,Karim Sokolov,Turkey
CP21763,Viktor Mansour,Syria
CP21764,Peter Smith,Iran
CP21765,John Petrov,Canada
CP21766,Wei Al Rashid,United Arab Emirates
CP21767,Hassan Sokolov,United Kingdom
CP21768,Nikolai Volkov,United States
CP21769,Farid Nouri,Nigeria
CP21770,Mark Brown,United Arab Emirates
CP21771,Reza Volkov,United Kingdom
CP21772,Karim Mansour,Mexico
CP21773,Mark Karimi,Russia
CP21774,Sergei Khalil,United States
CP21775,Wei Rahimi,Turkey
CP21776,Omar Wang,United States
CP21777,Omar Ivanov,Russia
CP21778,Anna Al Rashid,Turkey
CP21779,Karim Al Rashid,Belarus
CP21780,Sergei Haddad,Belarus
CP21781,John Nouri,Belarus
CP21782,Mohammed Sokolov,Syria
CP21783,Samir Mansour,Mexico
CP21784,Peter Lee,Nigeria
CP21785,Sergei Ivanov,Mexico
CP21786,Karim Haddad,Russia
CP21787,Nikolai Lee,United States
CP21788,Omar Mansour,United Arab Emirates
CP21789,Yousef Ivanov,Turkey
CP21790,Ivan Sokolov,Canada
CP21791,Hassan Khalil,Syria
CP21792,Wei Nouri,Belarus
CP21793,Mark Khalil,Nigeria
CP21794,Wei Zhang,India
CP21795,Sara Mansour,United Kingdom
CP21796,Hassan Zhang,Nigeria
CP21797,Jin Smith,United Kingdom
CP21798,Ali Karimi,Iran
CP21799,Reza Sokolov,Belarus
CP21800,John Sokolov,United Kingdom
CP21801,Hassan Karimi,Iran
CP21802,Anna Hosseini,Mexico
CP21803,Hassan Khalil,Nigeria
CP21804,Mark Wilson,Nigeria
CP21805,Wei Smith,United Arab Emirates
CP21806,Reza Wilson,Iran
CP21807,Omar Wilson,Belarus
CP21808,Sergei Ivanov,United States
CP21809,Ali Nouri,Turkey
CP21810,Wei Brown,Turkey
CP21811,Hassan Hosseini,Russia
CP21812,Ahmed Volkov,United States
CP21813,Samir Smith,United States
CP21814,Peter Lee,United States
CP21815,Yousef Hosseini,Belarus
CP21816,Reza Zhang,India
CP21817,Reza Nouri,Mexico
CP21818,Samir Khalil,United States
CP21819,Peter Ivanov,Syria
CP21820,Peter Nouri,Iran
CP21821,Anna Karimi,Russia
CP21822,Viktor Mansour,United States
CP21823,Ali Mansour,India
CP21824,Mark Wilson,Belarus
CP21825,Mohammed Sokolov,United States
CP21826,Mohammed Volkov,Canada
CP21827,Peter Lee,Turkey
CP21828,Anna Khalil,Turkey
CP21829,Omar Wang,Turkey
CP21830,Mark Wilson,Turkey
CP21831,Anna Petrov,India
CP21832,Ali Smith,Iran
CP21833,Ahmed Petrov,United Arab Emirates
CP21834,Peter Smith,Iran
CP21835,John Hosseini,Turkey
CP21836,Karim Brown,United Arab Emirates
CP21837,Mark Zhang,Belarus
CP21838,Ahmed Khalil,India
CP21839,Mark Wang,Mexico
CP21840,Hassan Sokolov,Syria
CP21841,Wei Sokolov,India
CP21842,Yousef Ivanov,United States
CP21843,Ali Al Rashid,Russia
CP21844,Ali Zhang,Belarus
CP21845,Jin Al Rashid,United Kingdom
CP21846,Anna Nouri,United Kingdom
CP21847,Peter Zhang,Turkey
CP21848,Yousef Volkov,Syria
CP21849,Anna Volkov,United Arab Emirates
CP21850,Peter Nouri,United States
CP21851,Mohammed Brown,Syria
CP21852,Reza Wang,India
CP21853,Sara Brown,Turkey
CP21854,Ivan Al Rashid,United Arab Emirates
CP21855,Anna Haddad,Iran
CP21856,Karim Ivanov,United Kingdom
CP21857,Mark Nouri,Syria
CP21858,Anna Wang,United Kingdom
CP21859,Yousef Wilson,Turkey
CP21860,Mohammed Haddad,India
CP21861,Reza Lee,Iran
CP21862,Karim Smith,Belarus
CP21863,John Nouri,Nigeria
CP21864,Jin Hosseini,United Arab Emirates
CP21865,Ivan Khalil,United States
CP21866,Sara Wang,Nigeria
CP21867,Sergei Nouri,Iran
CP21868,Hassan Hosseini,Nigeria
CP21869,Sara Zhang,Syria
CP21870,Ali Zhang,India
CP21871,Mark Lee,Iran
CP21872,Viktor Wilson,Canada
CP21873,Ivan Volkov,Russia
CP21874,Jin Mansour,Canada
CP21875,Viktor Petrov,Belarus
CP21876,Jin Nouri,Belarus
CP21877,Samir Sokolov,United Arab Emirates
CP21878,Farid Wang,Nigeria
CP21879,John Smith,United Arab Emirates
CP21880,Nikolai Ivanov,India
CP21881,Omar Wang,Syria
CP21882,Omar Wilson,Iran
CP21883,Yousef Brown,Iran
CP21884,Mohammed Volkov,Canada
CP21885,Ivan Sokolov,United Kingdom
CP21886,Nikolai Rahimi,United Arab Emirates
CP21887,John Mansour,Turkey
CP21888,Yousef Wilson,United Kingdom
CP21889,Farid Haddad,United Arab Emirates
CP21890,Sara Mansour,United Kingdom
CP21891,Mark Al Rashid,Turkey
CP21892,Farid Ivanov,India
CP21893,Samir Smith,India
CP21894,Viktor Brown,United States
CP21895,Ivan Zhang,Belarus
CP21896,Sara Ivanov,United Arab Emirates
CP21897,Karim Mansour,United Arab Emirates
CP21898,Samir Wang,United Arab Emirates
CP21899,Mark Haddad,Nigeria
CP21900,Wei Haddad,North Korea
CP21901,Hassan Haddad,United States
CP21902,Ali Zhang,Nigeria
CP21903,Anna Hosseini,Syria
CP21904,Samir Haddad,United Kingdom
CP21905,Peter Wilson,United Kingdom
CP21906,Viktor Brown,Russia
CP21907,Viktor Karimi,Canada
CP21908,Omar Smith,Russia
CP21909,Farid Volkov,Syria
CP21910,Anna Lee,United Arab Emirates
CP21911,Nikolai Sokolov,Iran
CP21912,Ivan Smith,Syria
CP21913,Mohammed Sokolov,India
CP21914,Mark Sokolov,India
CP21915,Ali Ivanov,Iran
CP21916,Reza Wang,Turkey
CP21917,Viktor Zhang,India
CP21918,Reza Hosseini,Russia
CP21919,Farid Brown,Russia
CP21920,Hassan Khalil,United States
CP21921,Jin Smith,Nigeria
CP21922,Jin Nouri,Belarus
CP21923,Mark Hosseini,Belarus
CP21924,Yousef Rahimi,Nigeria
CP21925,Nikolai Wang,Russia
CP21926,Ali Smith,Belarus
CP21927,Hassan Wang,Nigeria
CP21928,Samir Karimi,Turkey
CP21929,Hassan Al Rashid,United States
CP21930,Ali Smith,Iran
CP21931,Sara Brown,Canada
CP21932,Sergei Karimi,Canada
CP21933,Karim Karimi,United Kingdom
CP21934,Viktor Al Rashid,United Arab Emirates
CP21935,Karim Mansour,Mexico
CP21936,Peter Smith,Iran
CP21937,Reza Al Rashid,Mexico
CP21938,Sara Smith,Nigeria
CP21939,Ali Khalil,United States
CP21940,Ali Al Rashid,United Kingdom
CP21941,Omar Nouri,United Kingdom
CP21942,Anna Smith,Mexico
CP21943,Mohammed Haddad,Russia
CP21944,Sara Smith,Nigeria
CP21945,Karim Volkov,United Arab Emirates
CP21946,Mohammed Hosseini,Turkey
CP21947,Yousef Zhang,Belarus
CP21948,Samir Brown,Syria
CP21949,Nikolai Mansour,Russia
CP21950,Jin Haddad,Canada
CP21951,Ahmed Volkov,Nigeria
CP21952,Ali Ivanov,Russia
CP21953,John Sokolov,Canada
CP21954,Ivan Rahimi,Mexico
CP21955,Mark Haddad,Canada
CP21956,Samir Hosseini,Syria
CP21957,Jin Petrov,Syria
CP21958,Sara Ivanov,Belarus
CP21959,Reza Smith,Mexico
CP21960,Ali Lee,Nigeria
CP21961,Nikolai Al Rashid,Russia
CP21962,Reza Sokolov,Syria
CP21963,Ahmed Lee,Canada
CP21964,Farid Sokolov,Russia
CP21965,Anna Zhang,Mexico
CP21966,Mohammed Haddad,Canada
CP21967,Reza Al Rashid,Iran
CP21968,Samir Volkov,Mexico
CP21969,Wei Al Rashid,Turkey
CP21970,Mohammed Wang,Russia
CP21971,Sara Khalil,Canada
CP21972,Sergei Rahimi,India
CP21973,Hassan Rahimi,Canada
CP21974,Hassan Ivanov,United Kingdom
CP21975,Sara Khalil,Belarus
CP21976,Mohammed Wilson,Nigeria
CP21977,Reza Mansour,Syria
CP21978,Nikolai Sokolov,Turkey
CP21979,Anna Wang,Canada
CP21980,Anna Lee,Belarus
CP21981,Yousef Rahimi,Syria
CP21982,Sergei Wilson,India
CP21983,Peter Petrov,Turkey
CP21984,Nikolai Zhang,India
CP21985,John Ivanov,Belarus
CP21986,Sergei Mansour,Mexico
CP21987,Hassan Wang,Russia
CP21988,Mohammed Khalil,United Kingdom
CP21989,Karim Hosseini,Belarus
CP21990,John Khalil,Syria
CP21991,Ivan Rahimi,Mexico
CP21992,Anna Haddad,Canada
CP21993,Peter Al Rashid,Turkey
CP21994,Anna Ivanov,Syria
CP21995,Sergei Wilson,Mexico
CP21996,Reza Mansour,Russia
CP21997,Ali Karimi,United Arab Emirates
CP21998,Karim Zhang,Turkey
CP21999,Mohammed Ivanov,Iran
CP22000,Sara Zhang,Iran
CP22001,Wei Sokolov,India
CP22002,Sergei Volkov,Russia
CP22003,Mohammed Lee,United Arab Emirates
CP22004,Farid Khalil,Syria
CP22005,Ahmed Khalil,India
CP22006,Jin Nouri,Belarus
CP22007,Peter Nouri,India
CP22008,Omar Rahimi,United Arab Emirates
CP22009,Ali Sokolov,United Arab Emirates
CP22010,Yousef Nouri,Iran
CP22011,Karim Hosseini,Iran
CP22012,Ivan Haddad,Iran
CP22013,Sara Mansour,Mexico
CP22014,Ivan Al Rashid,Syria
CP22015,Sara Karimi,United Kingdom
CP22016,Hassan Mansour,Belarus
CP22017,Farid Mansour,Iran
CP22018,Anna Sokolov,United States
CP22019,Ivan Rahimi,Turkey
CP22020,Wei Hosseini,Belarus
CP22021,Sergei Mansour,Mexico
CP22022,Nikolai Haddad,Iran
CP22023,Hassan Zhang,India
CP22024,Reza Volkov,India
CP22025,Karim Lee,United Kingdom
CP22026,Viktor Volkov,United Kingdom
CP22027,Nikolai Haddad,Turkey
CP22028,Samir Brown,India
CP22029,Anna Petrov,Turkey
CP22030,Farid Brown,United States
CP22031,Samir Ivanov,Iran
CP22032,Hassan Nouri,Mexico
CP22033,Samir Sokolov,United Arab Emirates
CP22034,Sergei Rahimi,Belarus
CP22035,Sara Wang,India
CP22036,Ahmed Brown,United States
CP22037,Omar Petrov,Mexico
CP22038,Wei Zhang,Nigeria
CP22039,Karim Lee,Russia
CP22040,Sara Volkov,Syria
CP22041,Yousef Zhang,United States
CP22042,Peter Ivanov,United Arab Emirates
CP22043,Reza Nouri,United Arab Emirates
CP22044,Peter Smith,Syria
CP22045,Reza Rahimi,Mexico
CP22046,Ivan Sokolov,India
CP22047,Yousef Rahimi,India
CP22048,Wei Wang,Nigeria
CP22049,Sergei Lee,Syria
CP22050,Mohammed Wilson,Iran
CP22051,Samir Nouri,Nigeria
CP22052,Mohammed Volkov,United States
CP22053,Yousef Brown,Russia
CP22054,Samir Nouri,Mexico
CP22055,Wei Wilson,United States
CP22056,Jin Smith,Belarus
CP22057,Peter Ivanov,Turkey
CP22058,Nikolai Lee,Mexico
CP22059,John Nouri,United Arab Emirates
CP22060,Yousef Zhang,Russia
CP22061,Anna Hosseini,United States
CP22062,Sara Wilson,Iran
CP22063,Mark Al Rashid,United Arab Emirates
CP22064,Jin Rahimi,Russia
CP22065,Ali Karimi,Canada
CP22066,Hassan Mansour,Canada
CP22067,Peter Wilson,Mexico
CP22068,Mohammed Zhang,United States
CP22069,Karim Rahimi,Belarus
CP22070,Sergei Lee,Iran
CP22071,Peter Sokolov,Canada
CP22072,Ahmed Mansour,Russia
CP22073,Karim Wang,United Kingdom
CP22074,Sergei Brown,Russia
CP22075,Ivan Sokolov,Syria
CP22076,Hassan Al Rashid,United States
CP22077,Jin Karimi,United States
CP22078,Ahmed Hosseini,India
CP22079,Karim Sokolov,Russia
CP22080,Samir Rahimi,Nigeria
CP22081,Hassan Rahimi,Belarus
CP22082,Sergei Rahimi,United Arab Emirates
CP22083,Nikolai Rahimi,Russia
CP22084,Samir Ivanov,United States
CP22085,Ivan Mansour,Russia
CP22086,Jin Haddad,Nigeria
CP22087,Karim Petrov,India
CP22088,Wei Karimi,Syria
CP22089,Ahmed Lee,Mexico
CP22090,Sara Nouri,Nigeria
CP22091,Jin Wang,Russia
CP22092,Ahmed Wang,Russia
CP22093,Omar Rahimi,Turkey
CP22094,Ahmed Volkov,United States
CP22095,Sara Nouri,United Arab Emirates
CP22096,Ahmed Ivanov,Russia
CP22097,John Hosseini,Turkey
CP22098,Mohammed Al Rashid,Russia
CP22099,Peter Mansour,Russia
CP22100,Farid Sokolov,Nigeria
CP22101,Ahmed Karimi,Turkey
CP22102,Reza Nouri,Belarus
CP22103,John Nouri,India
CP22104,Omar Wang,Russia
CP22105,Sara Rahimi,Belarus
CP22106,Omar Al Rashid,Mexico
CP22107,Jin Al Rashid,Iran
CP22108,Farid Smith,Iran
CP22109,Samir Nouri,Nigeria
CP22110,Mohamed Zhang,North Korea
CP22111,Samir Ivanov,Turkey
CP22112,Yousef Khalil,United Kingdom
CP22113,Farid Rahimi,United Kingdom
CP22114,Sara Ivanov,United Kingdom
CP22115,Yousef Sokolov,United States
CP22116,Mohammed Rahimi,Russia
CP22117,Yousef Brown,United Arab Emirates
CP22118,Reza Petrov,Belarus
CP22119,Mohammed Khalil,Turkey
CP22120,Ivan Lee,Russia
CP22121,Jin Nouri,United States
CP22122,Sergei Haddad,India
CP22123,Ali Wilson,Canada
CP22124,Nikolai Volkov,Syria
CP22125,Anna Brown,Mexico
CP22126,Yousef Karimi,Mexico
CP22127,Nikolai Wang,Nigeria
CP22128,Farid Rahimi,United Kingdom
CP22129,Yousef Haddad,Turkey
CP22130,Jin Khalil,Nigeria
CP22131,Anna Ivanov,United Arab Emirates
CP22132,Hassan Lee,Iran
CP22133,Ali Petrov,Canada
CP22134,Omar Ivanov,United Arab Emirates
CP22135,Reza Mansour,Iran
CP22136,Anna Zhang,Syria
CP22137,Yousef Hosseini,Canada
CP22138,Wei Volkov,Nigeria
CP22139,Karim Mansour,Iran
CP22140,Hassan Zhang,Canada
CP22141,Viktor Nouri,Turkey
CP22142,Nikolai Sokolov,India
CP22143,Peter Ivanov,Iran
CP22144,Nikolai Wilson,Syria
CP22145,Ahmed Al Rashid,Syria
CP22146,Farid Karimi,India
CP22147,Samir Hosseini,Canada
CP22148,Peter Karimi,Turkey
CP22149,Sergei Smith,Syria
CP22150,Jin Haddad,Belarus
CP22151,Jin Lee,Belarus
CP22152,Reza Lee,Belarus
CP22153,Sergei Nouri,United Kingdom
CP22154,Yousef Rahimi,Mexico
CP22155,Wei Al Rashid,United Arab Emirates
CP22156,Nikolai Ivanov,Belarus
CP22157,Yousef Sokolov,Canada
CP22158,Hassan Haddad,Nigeria
CP22159,Ivan Smith,United Arab Emirates
CP22160,Ivan Lee,Turkey
CP22161,Mohammed Smith,Mexico
CP22162,Hassan Smith,Turkey
CP22163,Peter Sokolov,United Arab Emirates
CP22164,Karim Zhang,Syria
CP22165,Mohammed Ivanov,Turkey
CP22166,Mohammed Wang,Belarus
CP22167,Hassan Brown,Syria
CP22168,John Haddad,India
CP22169,Ali Khalil,United Arab Emirates
CP22170,Hassan Khalil,Syria
CP22171,Karim Petrov,United Kingdom
CP22172,Viktor Nouri,United States
CP22173,Sara Zhang,United States
CP22174,Anna Mansour,Syria
CP22175,Mark Mansour,United Arab Emirates
CP22176,Mark Ivanov,India
CP22177,Farid Zhang,United Arab Emirates
CP22178,Wei Wang,United States
CP22179,Anna Mansour,United Kingdom
CP22180,Farid Ivanov,Belarus
CP22181,Samir Volkov,Turkey
CP22182,Mark Ivanov,United States
CP22183,Wei Mansour,Nigeria
CP22184,Ahmed Wang,Belarus
CP22185,Mark Ivanov,United States
CP22186,Nikolai Karimi,United Kingdom
CP22187,Nikolai Nouri,Canada
CP22188,Sergei Brown,India
CP22189,Yousef Ivanov,United Kingdom
CP22190,Mohammed Khalil,Nigeria
CP22191,Omar Brown,Mexico
CP22192,Reza Brown,India
CP22193,Viktor Lee,Turkey
CP22194,Yousef Haddad,United Kingdom
CP22195,Ahmed Hosseini,Syria
CP22196,Omar Brown,India
CP22197,Ivan Khalil,United Kingdom
CP22198,Reza Lee,Syria
CP22199,Hassan Rahimi,Russia
CP22200,Sergei Khalil,United States
CP22201,Mohammed Ivanov,United States
CP22202,Sergei Karimi,Iran
CP22203,Anna Ivanov,Mexico
CP22204,Farid Wilson,Nigeria
CP22205,Ali Khalil,Russia
CP22206,Wei Khalil,Nigeria
CP22207,Ahmed Petrov,Iran
CP22208,Nikolai Khalil,Russia
CP22209,Mohammed Wang,Russia
CP22210,Nikolai Sokolov,Russia
CP22211,Farid Khalil,Nigeria
CP22212,Omar Volkov,Syria
CP22213,Ali Haddad,United States
CP22214,Karim Rahimi,Mexico
CP22215,Wei Khalil,Nigeria
CP22216,Sergei Wilson,Mexico
CP22217,Jin Sokolov,Mexico
CP22218,Ali Lee,Syria
CP22219,Mohammed Nouri,Mexico
CP22220,Viktor Haddad,Mexico
CP22221,Nikolai Ivanov,Russia
CP22222,Nikolai Lee,United States
CP22223,Ivan Al Rashid,Canada
CP22224,Nikolai Volkov,Mexico
CP22225,Sara Karimi,Canada
CP22226,Omar Rahimi,Belarus
CP22227,Omar Khalil,Mexico
CP22228,Hassan Petrov,Russia
CP22229,Reza Sokolov,Syria
CP22230,Peter Karimi,United States
CP22231,Sara Volkov,Turkey
CP22232,Sara Petrov,United Arab Emirates
CP22233,Mohammed Zhang,Turkey
CP22234,Viktor Volkov,United States
CP22235,Karim Sokolov,Iran
CP22236,Samir Smith,United Kingdom
CP22237,Karim Haddad,Mexico
CP22238,Omar Rahimi,Syria
CP22239,Mohammed Sokolov,United Arab Emirates
CP22240,Ahmed Hosseini,Turkey
CP22241,Wei Sokolov,Mexico
CP22242,Farid Al Rashid,Turkey
CP22243,Farid Sokolov,Turkey
CP22244,Nikolai Lee,Russia
CP22245,Farid Volkov,Russia
CP22246,Jin Volkov,India
CP22247,Peter Nouri,India
CP22248,Yousef Hosseini,India
CP22249,Anna Karimi,United Arab Emirates
CP22250,Wei Rahimi,United Arab Emirates
CP22251,Anna Lee,Russia
CP22252,Hassan Haddad,Russia
CP22253,Ivan Wilson,Belarus
CP22254,Ahmad Volkov,Russia
CP22255,John Karimi,United Arab Emirates
CP22256,Hassan Brown,Mexico
CP22257,Nikolai Brown,Nigeria
CP22258,Omar Ivanov,Iran
CP22259,Samir Rahimi,Russia
CP22260,Jin Smith,India
CP22261,Sara Al Rashid,United Arab Emirates
CP22262,Ali Zhang,Russia
CP22263,Ahmed Rahimi,Russia
CP22264,Ivan Wang,United States
CP22265,Ivan Haddad,Iran
CP22266,Farid Wang,Iran
CP22267,Reza Haddad,United Arab Emirates
CP22268,Hassan Nouri,Russia
CP22269,Omar Hosseini,Turkey
CP22270,Peter Petrov,Nigeria
CP22271,Mohammed Ivanov,Belarus
CP22272,Yousef Wang,Canada
CP22273,Karim Ivanov,Turkey
CP22274,Omar Rahimi,Nigeria
CP22275,John Hosseini,Syria
CP22276,Jin Lee,United Kingdom
CP22277,Wei Hosseini,United Arab Emirates
CP22278,Farid Wilson,Syria
CP22279,Hassan Al Rashid,United States
CP22280,Nikolai Al Rashid,United Arab Emirates
CP22281,Ahmed Petrov,Nigeria
CP22282,Anna Wang,United States
CP22283,Karim Zhang,India
CP22284,Reza Zhang,United Kingdom
CP22285,Samir Ivanov,Turkey
CP22286,Yousef Lee,United States
CP22287,Viktor Khalil,United Kingdom
CP22288,Mohammed Mansour,Syria
CP22289,John Zhang,India
CP22290,Omar Khalil,Syria
CP22291,Jin Hosseini,Russia
CP22292,Omar Wang,Canada
CP22293,Omar Petrov,United States
CP22294,Nikolai Smith,United States
CP22295,Yousef Haddad,Turkey
CP22296,Samir Mansour,United Kingdom
CP22297,Wei Volkov,Turkey
CP22298,Nikolai Sokolov,Turkey
CP22299,Omar Volkov,United States
CP22300,John Al Rashid,United States
CP22301,Wei Nouri,Canada
CP22302,Ivan Rahimi,Belarus
CP22303,Sergei Petrov,Nigeria
CP22304,Nikolai Haddad,Belarus
CP22305,Farid Volkov,United Kingdom
CP22306,Mohammed Smith,Syria
CP22307,John Ivanov,Turkey
CP22308,Reza Nouri,Belarus
CP22309,Yousef Karimi,Belarus
CP22310,Ivan Zhang,Nigeria
CP22311,Reza Smith,Turkey
CP22312,Mark Brown,United States
CP22313,Ali Nouri,United Kingdom
CP22314,Yousef Haddad,United Arab Emirates
CP22315,Yousef Petrov,United Kingdom
CP22316,John Hosseini,India
CP22317,Omar Hosseini,Syria
CP22318,Mohammed Lee,United Arab Emirates
CP22319,Omar Mansour,Mexico
CP22320,Peter Wang,Mexico
CP22321,Ali Karimi,United Kingdom
CP22322,John Sokolov,Nigeria
CP22323,Omar Hosseini,Iran
CP22324,Mark Ivanov,Syria
CP22325,Karim Wilson,Turkey
CP22326,Yousef Rahimi,India
CP22327,Viktor Rahimi,United Kingdom
CP22328,John Haddad,United Arab Emirates
CP22329,Karim Ivanov,Canada
CP22330,Yousef Mansour,Belarus
CP22331,Samir Ivanov,Turkey
CP22332,Yousef Petrov,Canada
CP22333,Sergei Wilson,United States
CP22334,Ahmed Wang,Nigeria
CP22335,Hassan Al Rashid,Russia
CP22336,Farid Brown,Syria
CP22337,Sergei Wang,United States
CP22338,Viktor Sokolov,United Kingdom
CP22339,Mark Petrov,Turkey
CP22340,Ivan Al Rashid,Syria
CP22341,Viktor Volkov,Syria
CP22342,Viktor Wang,Russia
CP22343,Samir Mansour,India
CP22344,Viktor Brown,Nigeria
CP22345,John Zhang,India
CP22346,Jin Lee,Turkey
CP22347,Anna Petrov,Nigeria
CP22348,Reza Wilson,United Arab Emirates
CP22349,Farid Smith,India
CP22350,Sara Smith,Turkey
CP22351,Sara Wilson,Iran
CP22352,Hassan Nouri,Syria
CP22353,Ali Ivanov,Syria
CP22354,Mark Brown,India
CP22355,Hassan Nouri,Syria
CP22356,Hassan Karimi,Mexico
CP22357,Peter Brown,Turkey
CP22358,Wei Lee,United States
CP22359,Omar Sokolov,Canada
CP22360,Sara Nouri,Belarus
CP22361,Mark Khalil,India
CP22362,Viktor Petrov,Russia
CP22363,Peter Ivanov,United States
CP22364,Hassan Lee,Belarus
CP22365,Wei Al Rashid,United States
CP22366,Omar Khalil,Syria
CP22367,Sara Karimi,Syria
CP22368,Reza Wilson,Mexico
CP22369,John Zhang,United Kingdom
CP22370,Ali Rahimi,United Kingdom
CP22371,Ali Haddad,United States
CP22372,Farid Smith,Iran
CP22373,Ahmed Ivanov,United Kingdom
CP22374,Ivan Rahimi,Belarus
CP22375,Ivan Volkov,India
CP22376,Ivan Smith,United Kingdom
CP22377,Samir Nouri,United Kingdom
CP22378,Karim Nouri,Syria
CP22379,Mohammed Karimi,Turkey
CP22380,Ahmed Khalil,Canada
CP22381,Anna Karimi,Nigeria
CP22382,Ivan Khalil,United Kingdom
CP22383,Wei Al Rashid,Belarus
CP22384,Mark Lee,Nigeria
CP22385,Jin Nouri,United States
CP22386,Yousef Rahimi,United Arab Emirates
CP22387,Sergei Nouri,United Kingdom
CP22388,Ali Hosseini,United States
CP22389,Viktor Al Rashid,Nigeria
CP22390,Hassan Brown,United States
CP22391,Jin Haddad,Canada
CP22392,Omar Zhang,Turkey
CP22393,Sara Nouri,Russia
CP22394,Wei Rahimi,Nigeria
CP22395,Reza Haddad,United Kingdom
CP22396,Anna Zhang,United Kingdom
CP22397,Karim Petrov,United Kingdom
CP22398,Peter Petrov,Mexico
CP22399,Farid Haddad,Turkey
CP22400,Hassan Al Rashid,United States
CP22401,Wei Khalil,Canada
CP22402,Wei Haddad,Nigeria
CP22403,Sergei Khalil,Belarus
CP22404,Anna Sokolov,United Arab Emirates
CP22405,Samir Petrov,United States
CP22406,Mohammed Petrov,Belarus
CP22407,Ali Ivanov,United Kingdom
CP22408,Nikolai Haddad,Turkey
CP22409,Farid Mansour,Russia
CP22410,Mohammed Volkov,Mexico
CP22411,Wei Mansour,Mexico
CP22412,Reza Wilson,United Kingdom
CP22413,Reza Wang,United Kingdom
CP22414,Jin Brown,Belarus
CP22415,Mohammed Brown,United Kingdom
CP22416,Nikolai Al Rashid,Iran
CP22417,Ivan Wang,Russia
CP22418,Samir Rahimi,United Kingdom
CP22419,Ahmed Brown,Mexico
CP22420,John Petrov,Turkey
CP22421,Reza Smith,United Kingdom
CP22422,Farid Wilson,United States
CP22423,Viktor Brown,Mexico
CP22424,Viktor Brown,Mexico
CP22425,Yousef Wang,Turkey
CP22426,Nikolai Volkov,Canada
CP22427,Nikolai Lee,Russia
CP22428,Ali Mansour,Syria
CP22429,Mark Petrov,Canada
CP22430,Mohammed Petrov,Iran
CP22431,Reza Khalil,India
CP22432,Ivan Mansour,Mexico
CP22433,Karim Haddad,United Arab Emirates
CP22434,Samir Mansour,United Kingdom
CP22435,Jin Wilson,India
CP22436,Nikolai Wang,United Kingdom
CP22437,Ivan Volkov,Syria
CP22438,Wei Mansour,United States
CP22439,Viktor Haddad,Russia
CP22440,Sara Sokolov,Turkey
CP22441,Ali Zhang,United Arab Emirates
CP22442,Peter Petrov,India
CP22443,Farid Wang,United Arab Emirates
CP22444,Ali Al Rashid,India
CP22445,Viktor Wilson,Russia
CP22446,Nikolai Karimi,Russia
CP22447,Jin Rahimi,Russia
CP22448,Ivan Haddad,Syria
CP22449,Sergei Nouri,India
CP22450,Peter Zhang,Nigeria
CP22451,Jin Karimi,Turkey
CP22452,Sergei Ivanov,Russia
CP22453,Samir Wilson,Turkey
CP22454,Yousef Smith,Iran
CP22455,Sara Wilson,Turkey
CP22456,Sergei Mansour,Belarus
CP22457,Sergei Karimi,Turkey
CP22458,Mark Smith,Iran
CP22459,Mohammed Wilson,Belarus
CP22460,Hassan Wilson,Nigeria
CP22461,Karim Nouri,Mexico
CP22462,Yousef Mansour,United Arab Emirates
CP22463,Viktor Nouri,Belarus
CP22464,Ivan Zhang,Turkey
CP22465,Ivan Lee,Syria
CP22466,Wei Zhang,Belarus
CP22467,Jin Sokolov,Canada
CP22468,Mohammed Nouri,United Kingdom
CP22469,Ahmed Haddad,United Kingdom
CP22470,Farid Khalil,India
CP22471,Wei Al Rashid,Syria
CP22472,Ali Karimi,United Kingdom
CP22473,Sara Volkov,Syria
CP22474,Sergei Hosseini,United Arab Emirates
CP22475,Karim Sokolov,Iran
CP22476,Reza Haddad,Iran
CP22477,Samir Volkov,Iran
CP22478,Sara Karimi,Turkey
CP22479,Hassan Ivanov,Russia
CP22480,Ivan Wang,United Arab Emirates
CP22481,Nikolai Khalil,Canada
CP22482,Jin Rahimi,Syria
CP22483,Wei Brown,Nigeria
CP22484,Sergei Zhang,India
CP22485,Peter Petrov,Belarus
CP22486,Ivan Khalil,United Arab Emirates
CP22487,John Lee,Mexico
CP22488,Yousef Smith,United Arab Emirates
CP22489,Wei Wilson,United Kingdom
CP22490,Jin Khalil,Iran
CP22491,Jin Volkov,United Arab Emirates
CP22492,Samir Sokolov,Canada
CP22493,Ahmed Volkov,Canada
CP22494,Nikolai Al Rashid,United States
CP22495,Karim Ivanov,Syria
CP22496,Wei Haddad,United Arab Emirates
CP22497,Sergei Wang,Iran
CP22498,Karim Wang,Iran
CP22499,Reza Wang,Syria
CP22500,Omar Mansour,United Arab Emirates
CP22501,Farid Wang,Canada
CP22502,Jin Volkov,Iran
CP22503,Ahmed Zhang,United States
CP22504,Ivan Wang,Turkey
CP22505,Anna Brown,Russia
CP22506,Anna Hosseini,India
CP22507,Mark Lee,Belarus
CP22508,Mohammed Volkov,Russia
CP22509,Ivan Lee,United Arab Emirates
CP22510,Jin Karimi,Belarus
CP22511,Karim Al Rashid,United Arab Emirates
CP22512,Viktor Volkov,Syria
CP22513,Ivan Al Rashid,Nigeria
CP22514,Wei Nouri,Syria
CP22515,Wei Ivanov,Nigeria
CP22516,Hassan Nouri,Iran
CP22517,Nikolai Brown,Iran
CP22518,Peter Wang,Turkey
CP22519,Farid Volkov,Syria
CP22520,Mark Zhang,United States
CP22521,Samir Khalil,United Arab Emirates
CP22522,Jin Smith,United States
CP22523,Yousef Nouri,United Kingdom
CP22524,Sergei Al Rashid,Syria
CP22525,Jin Nouri,United States
CP22526,Sara Wilson,India
CP22527,Hassan Haddad,Turkey
CP22528,Ivan Brown,Belarus
CP22529,John Rahimi,Iran
CP22530,Samir Smith,India
CP22531,Peter Ivanov,United Arab Emirates
CP22532,Hassan Brown,Iran
CP22533,Sergei Sokolov,United States
CP22534,Samir Zhang,United Arab Emirates
CP22535,Wei Ivanov,Russia
CP22536,Karim Petrov,Canada
CP22537,Sara Nouri,Syria
CP22538,Samir Al Rashid,Syria
CP22539,Mark Karimi,Canada
CP22540,Farid Al Rashid,United States
CP22541,Sara Wang,Belarus
CP22542,Wei Haddad,India
CP22543,John Volkov,Canada
CP22544,Ahmed Mansour,Mexico
CP22545,Ahmed Khalil,Russia
CP22546,Ali Wang,United States
CP22547,Mark Smith,Mexico
CP22548,Ivan Lee,Russia
CP22549,Mohammed Lee,Mexico
CP22550,Mark Ivanov,Canada
CP22551,Omar Zhang,Canada
CP22552,Mark Sokolov,Iran
CP22553,Ali Haddad,Mexico
CP22554,Yousef Smith,Turkey
CP22555,Mark Zhang,United Kingdom
CP22556,Karim Smith,India
CP22557,Hassan Lee,Iran
CP22558,Yousef Khalil,Turkey
CP22559,Anna Haddad,Russia
CP22560,Reza Smith,Turkey
CP22561,Yousef Wang,Turkey
CP22562,Wei Sokolov,Nigeria
CP22563,John Hosseini,Turkey
CP22564,Peter Smith,India
CP22565,Jin Brown,Mexico
CP22566,Farid Al-Rashid,Belarus
CP22567,Ivan Brown,Russia
CP22568,Mark Al Rashid,United States
CP22569,Jin Nouri,Belarus
CP22570,Nikolai Volkov,Canada
CP22571,Nikolai Sokolov,Mexico
CP22572,Ivan Petrov,United Arab Emirates
CP22573,Anna Volkov,United Kingdom
CP22574,Viktor Wang,Iran
CP22575,Omar Smith,Nigeria
CP22576,Peter Smith,Syria
CP22577,Samir Rahimi,India
CP22578,Omar Ivanov,United States
CP22579,Ivan Smith,India
CP22580,Mohammed Sokolov,Mexico
CP22581,Samir Hosseini,Canada
CP22582,Mark Sokolov,Mexico
CP22583,Jin Wilson,Mexico
CP22584,Mark Nouri,Belarus
CP22585,Wei Wilson,Belarus
CP22586,Nikolai Nouri,Syria
CP22587,Mohammed Ivanov,Syria
CP22588,Mark Haddad,Mexico
CP22589,Farid Hosseini,United Arab Emirates
CP22590,Jin Khalil,Belarus
CP22591,Reza Karimi,Syria
CP22592,Nikolai Karimi,Russia
CP22593,Sara Al Rashid,Syria
CP22594,Anna Karimi,Russia
CP22595,Anna Ivanov,United Kingdom
CP22596,Anna Zhang,Canada
CP22597,Hassan Karimi,India
CP22598,Hassan Volkov,United States
CP22599,Mohammed Zhang,United Kingdom
CP22600,Sara Petrov,United States
CP22601,Anna Smith,Iran
CP22602,Omar Volkov,Canada
CP22603,Yousef Wang,North Korea
CP22604,Viktor Petrov,Russia
CP22605,Ivan Rahimi,India
CP22606,Viktor Wang,Nigeria
CP22607,Ivan Smith,India
CP22608,Omar Lee,Nigeria
CP22609,Yousef Zhang,Iran
CP22610,Samir Petrov,Syria
CP22611,Peter Haddad,United Kingdom
CP22612,Peter Haddad,United Arab Emirates
CP22613,Omar Rahimi,Iran
CP22614,Anna Brown,Turkey
CP22615,Sara Nouri,Iran
CP22616,Nikolai Haddad,Syria
CP22617,Ali Haddad,Mexico
CP22618,Sara Smith,Syria
CP22619,Farid Lee,Mexico
CP22620,Reza Sokolov,United Kingdom
CP22621,Mohammed Mansour,Russia
CP22622,Hassan Sokolov,Iran
CP22623,Anna Wilson,United Kingdom
CP22624,Jin Volkov,Belarus
CP22625,Wei Zhang,Iran
CP22626,Nikolai Rahimi,Canada
CP22627,John Lee,Syria
CP22628,Ahmed Rahimi,Canada
CP22629,Yousef Karimi,India
CP22630,Yousef Petrov,United States
CP22631,Sara Karimi,Iran
CP22632,Jin Petrov,Nigeria
CP22633,Sara Brown,Iran
CP22634,Sara Volkov,Syria
CP22635,Wei Volkov,United Arab Emirates
CP22636,Jin Smith,Mexico
CP22637,Jin Nouri,United States
CP22638,Omar Petrov,Syria
CP22639,Wei Smith,United Arab Emirates
CP22640,Yousef Khalil,United Kingdom
CP22641,Farid Al Rashid,Turkey
CP22642,Mohammed Haddad,Iran
CP22643,Ahmed Haddad,United Kingdom
CP22644,Omar Haddad,Turkey
CP22645,Jin Karimi,United States
CP22646,Karim Karimi,United Arab Emirates
CP22647,Omar Nouri,Mexico
CP22648,Karim Nouri,Syria
CP22649,Samir Hosseini,United Arab Emirates
CP22650,Reza Wang,United Arab Emirates
CP22651,Ali Wang,Turkey
CP22652,Wei Khalil,United Arab Emirates
CP22653,Reza Petrov,Canada
CP22654,Jin Al Rashid,India
CP22655,Omar Nouri,Nigeria
CP22656,Mark Petrov,United Arab Emirates
CP22657,Jin Khalil,Belarus
CP22658,Viktor Karimi,United Arab Emirates
CP22659,Farid Petrov,Iran
CP22660,Yousef Lee,United Kingdom
CP22661,Peter Smith,United Kingdom
CP22662,Yousef Volkov,Russia
CP22663,Ivan Volkov,Russia
CP22664,Mohammed Khalil,Canada
CP22665,Sara Rahimi,United Kingdom
CP22666,Reza Wilson,Iran
CP22667,Ivan Lee,India
CP22668,Sergei Wilson,United Kingdom
CP22669,Wei Zhang,United Kingdom
CP22670,Karim Nouri,Mexico
CP22671,Ahmed Zhang,United Kingdom
CP22672,Sergei Nouri,United Kingdom
CP22673,Sergei Sokolov,Syria
CP22674,Wei Wang,United Arab Emirates
CP22675,Sara Volkov,Iran
CP22676,Hassan Karimi,Mexico
CP22677,John Ivanov,Russia
CP22678,Mark Hosseini,United Arab Emirates
CP22679,Ivan Hosseini,Turkey
CP22680,Hassan Smith,Mexico
CP22681,Peter Smith,Iran
CP22682,Viktor Brown,Belarus
CP22683,Reza Smith,Syria
CP22684,Anna Haddad,Canada
CP22685,Anna Brown,India
CP22686,Mark Al Rashid,United Arab Emirates
CP22687,Karim Lee,Canada
CP22688,Omar Smith,United Kingdom
CP22689,Anna Wilson,United Arab Emirates
CP22690,Wei Zhang,United Kingdom
CP22691,Omar Haddad,Syria
CP22692,Samir Rahimi,Syria
CP22693,Karim Petrov,Belarus
CP22694,Peter Mansour,Belarus
CP22695,Ahmed Hosseini,United States
CP22696,Sara Nouri,Canada
CP22697,Sara Hosseini,Belarus
CP22698,Wei Smith,United States
CP22699,Peter Ivanov,India
CP22700,Anna Petrov,Russia
CP22701,Samir Smith,United Kingdom
CP22702,Hassan Rahimi,United Arab Emirates
CP22703,Peter Wilson,Canada
CP22704,Viktor Brown,India
CP22705,Karim Wang,India
CP22706,Mohammed Wilson,Canada
CP22707,Reza Wilson,Iran
CP22708,Hassan Nouri,United Arab Emirates
CP22709,Yousef Al Rashid,Turkey
CP22710,Farid Rahimi,Mexico
CP22711,Samir Smith,Iran
CP22712,John Wang,India
CP22713,Mark Nouri,Iran
CP22714,Sara Wilson,Nigeria
CP22715,Yousef Sokolov,United States
CP22716,Jin Smith,Turkey
CP22717,John Wang,Canada
CP22718,Samir Al-Rashid,Iran
CP22719,Anna Zhang,Iran
CP22720,Sergei Zhang,Russia
CP22721,Samir Wang,Mexico
CP22722,Ahmed Al Rashid,Canada
CP22723,Viktor Rahimi,Belarus
CP22724,Wei Ivanov,Nigeria
CP22725,Nikolai Mansour,Iran
CP22726,Ivan Mansour,United States
CP22727,Peter Rahimi,Nigeria
CP22728,Jin Karimi,Iran
CP22729,Samir Smith,Nigeria
CP22730,John Volkov,United Kingdom
CP22731,Samir Al Rashid,North Korea
CP22732,Sara Mansour,United Arab Emirates
CP22733,Viktor Al Rashid,Turkey
CP22734,Ivan Haddad,United Kingdom
CP22735,Viktor Rahimi,India
CP22736,Ali Hosseini,Syria
CP22737,Jin Hosseini,Turkey
CP22738,Karim Haddad,Iran
CP22739,Yousef Lee,India
CP22740,Ivan Karimi,United Kingdom
CP22741,Yousef Sokolov,Mexico
CP22742,Samir Rahimi,India
CP22743,Yousef Al Rashid,Russia
CP22744,Sara Karimi,Turkey
CP22745,Ivan Hosseini,United Kingdom
CP22746,Viktor Karimi,Nigeria
CP22747,Anna Wilson,Russia
CP22748,Reza Haddad,Nigeria
CP22749,Mohammed Mansour,Canada
CP22750,Omar Ivanov,Belarus
CP22751,Nikolai Hosseini,Mexico
CP22752,Wei Al Rashid,United Arab Emirates
CP22753,Wei Haddad,North Korea
CP22754,Wei Hosseini,Belarus
CP22755,Farid Hosseini,India
CP22756,Peter Lee,Russia
CP22757,Karim Lee,Iran
CP22758,Wei Lee,India
CP22759,Ivan Ivanov,United Arab Emirates
CP22760,Omar Hosseini,India
CP22761,Ivan Petrov,Russia
CP22762,Ali Volkov,Canada
CP22763,Mark Mansour,India
CP22764,Hassan Zhang,India
CP22765,Karim Haddad,Belarus
CP22766,Omar Haddad,Nigeria
CP22767,Jin Karimi,Canada
CP22768,Omar Al Rashid,Mexico
CP22769,Peter Petrov,India
CP22770,Hassan Wang,United States
CP22771,Ali Petrov,India
CP22772,John Nouri,Mexico
CP22773,Anna Mansour,Nigeria
CP22774,Ali Hosseini,Belarus
CP22775,Sara Wang,Canada
CP22776,Hassan Khalil,Russia
CP22777,Mark Wilson,Turkey
CP22778,Anna Sokolov,Mexico
CP22779,Karim Volkov,Belarus
CP22780,Ahmed Lee,United Arab Emirates
CP22781,Viktor Smith,Turkey
CP22782,Mohammed Volkov,Canada
CP22783,John Brown,United Kingdom
CP22784,Peter Haddad,United Kingdom
CP22785,Omar Volkov,Nigeria
CP22786,Karim Zhang,Mexico
CP22787,Mohammed Rahimi,United Arab Emirates
CP22788,Yousef Zhang,Belarus
CP22789,Viktor Al Rashid,United Arab Emirates
CP22790,Peter Haddad,Syria
CP22791,Sara Brown,Canada
CP22792,John Smith,India
CP22793,Wei Brown,Syria
CP22794,Ivan Khalil,Canada
CP22795,Ali Petrov,India
CP22796,Jin Wilson,Nigeria
CP22797,Omar Haddad,United Kingdom
CP22798,Mark Karimi,United Kingdom
CP22799,Mohammed Brown,United States
CP22800,Ahmed Smith,India
CP22801,Mohammed Rahimi,Nigeria
CP22802,Peter Al Rashid,United Kingdom
CP22803,Peter Karimi,Nigeria
CP22804,Farid Smith,Iran
CP22805,John Hosseini,United Arab Emirates
CP22806,Anna Lee,India
CP22807,Peter Zhang,Belarus
CP22808,Wei Mansour,Turkey
CP22809,Mark Rahimi,United Kingdom
CP22810,Karim Wilson,Syria
CP22811,Hassan Zhang,Canada
CP22812,Nikolai Karimi,Turkey
CP22813,Hassan Petrov,Turkey
CP22814,Viktor Al Rashid,Syria
CP22815,Farid Rahimi,Canada
CP22816,Ahmed Brown,United States
CP22817,Sergei Wilson,Syria
CP22818,Karim Sokolov,United Arab Emirates
CP22819,Samir Brown,Syria
CP22820,Sara Smith,India
CP22821,Reza Haddad,Canada
CP22822,Yousef Petrov,Turkey
CP22823,Farid Karimi,India
CP22824,John Wang,United Arab Emirates
CP22825,Anna Sokolov,Syria
CP22826,Reza Mansour,United Arab Emirates
CP22827,Farid Ivanov,Russia
CP22828,Jin Brown,Canada
CP22829,Yousef Volkov,Canada
CP22830,Mohamed Mansour,North Korea
CP22831,Ali Khalil,United Arab Emirates
CP22832,Mohammed Karimi,Belarus
CP22833,Sergei Nouri,Russia
CP22834,Wei Wang,Syria
CP22835,Wei Lee,Canada
CP22836,Karim Lee,Russia
CP22837,Viktor Nouri,Nigeria
CP22838,Karim Zhang,Belarus
CP22839,Karim Lee,United States
CP22840,Ahmed Smith,Syria
CP22841,Yousef Ivanov,Turkey
CP22842,Mark Rahimi,United States
CP22843,Mohammed Zhang,Mexico
CP22844,Peter Hosseini,Nigeria
CP22845,Ahmed Lee,India
CP22846,Farid Rahimi,India
CP22847,Ali Petrov,Canada
CP22848,Wei Nouri,United Arab Emirates
CP22849,Wei Khalil,United Arab Emirates
CP22850,Hassan Al Rashid,India
CP22851,Mohammed Zhang,Russia
CP22852,Yousef Brown,Russia
CP22853,Peter Wilson,Russia
CP22854,Anna Petrov,Belarus
CP22855,Wei Ivanov,Belarus
CP22856,Peter Sokolov,Turkey
CP22857,Ivan Ivanov,Belarus
CP22858,Omar Hosseini,United Kingdom
CP22859,Peter Hosseini,Belarus
CP22860,Anna Petrov,Mexico
CP22861,Ali Brown,Belarus
CP22862,Samir Smith,Turkey
CP22863,Hassan Volkov,Mexico
CP22864,Viktor Karimi,Mexico
CP22865,Ali Al Rashid,Mexico
CP22866,Jin Wang,Iran
CP22867,Peter Nouri,Turkey
CP22868,Karim Lee,Turkey
CP22869,Viktor Sokolov,Belarus
CP22870,Samir Karimi,Belarus
CP22871,Wei Rahimi,Nigeria
CP22872,John Volkov,Nigeria
CP22873,Karim Wilson,United Kingdom
CP22874,Reza Wang,Russia
CP22875,Mark Ivanov,India
CP22876,Farid Petrov,Nigeria
CP22877,Sergei Wang,Mexico
CP22878,Anna Rahimi,Syria
CP22879,Farid Nouri,United Kingdom
CP22880,Sara Karimi,United Arab Emirates
CP22881,Omar Haddad,Belarus
CP22882,Karim Rahimi,Russia
CP22883,Karim Al Rashid,Turkey
CP22884,Ahmed Nouri,Canada
CP22885,Ali Hosseini,Canada
CP22886,Mark Brown,Iran
CP22887,Nikolai Nouri,India
CP22888,John Hosseini,Mexico
CP22889,Anna Brown,Syria
CP22890,Ali Rahimi,Iran
CP22891,Mark Al Rashid,United Kingdom
CP22892,Mohammed Ivanov,Syria
CP22893,Ivan Smith,Nigeria
CP22894,Omar Haddad,United States
CP22895,Sara Mansour,Syria
CP22896,Sara Brown,United Kingdom
CP22897,Ahmed Sokolov,Nigeria
CP22898,Sara Khalil,Canada
CP22899,Viktor Rahimi,India
CP22900,Nikolai Zhang,Nigeria
CP22901,Mohammed Rahimi,United Kingdom
CP22902,Viktor Brown,Turkey
CP22903,Viktor Lee,United States
CP22904,Farid Al Rashid,United Arab Emirates
CP22905,Sergei Mansour,United Kingdom
CP22906,Karim Hosseini,Belarus
CP22907,Karim Smith,Russia
CP22908,Hassan Rahimi,United Kingdom
CP22909,Mohammed Haddad,United Arab Emirates
CP22910,Peter Wilson,United States
CP22911,Farid Hosseini,Iran
CP22912,Ali Volkov,Canada
CP22913,Ivan Wilson,Canada
CP22914,Mark Brown,United States
CP22915,Omar Brown,Syria
CP22916,Ahmed Ivanov,United States
CP22917,Sergei Rahimi,United Arab Emirates
CP22918,Jin Wang,North Korea
CP22919,Ahmed Brown,Canada
CP22920,Sara Ivanov,Turkey
CP22921,Mark Mansour,India
CP22922,Peter Volkov,Mexico
CP22923,Sara Lee,Russia
CP22924,Karim Nouri,United Kingdom
CP22925,Ivan Wang,Belarus
CP22926,Wei Rahimi,Belarus
CP22927,Sara Mansour,India
CP22928,Hassan Smith,India
CP22929,Peter Smith,United Arab Emirates
CP22930,Wei Rahimi,Turkey
CP22931,Ali Haddad,United Kingdom
CP22932,John Haddad,India
CP22933,John Sokolov,Mexico
CP22934,Ahmed Khalil,Turkey
CP22935,Hassan Sokolov,India
CP22936,Anna Zhang,United Kingdom
CP22937,Hassan Hosseini,Canada
CP22938,Jin Ivanov,Russia
CP22939,Wei Al Rashid,Belarus
CP22940,Farid Karimi,Nigeria
CP22941,Samir Mansour,Belarus
CP22942,Ahmed Petrov,United States
CP22943,Yousef Volkov,North Korea
CP22944,Hassan Sokolov,Mexico
CP22945,Jin Mansour,United States
CP22946,Ahmed Al Rashid,India
CP22947,Ali Mansour,Turkey
CP22948,Anna Brown,India
CP22949,Samir Rahimi,India
CP22950,Wei Smith,Russia
CP22951,Sara Volkov,United States
CP22952,Reza Wang,United States
CP22953,Omar Zhang,United Arab Emirates
CP22954,Nikolai Wang,Canada
CP22955,Viktor Wang,Turkey
CP22956,John Wang,Turkey
CP22957,Wei Mansour,Syria
CP22958,Karim Petrov,Belarus
CP22959,Mark Wang,Nigeria
CP22960,Ali Zhang,Iran
CP22961,Jin Mansour,United States
CP22962,Mohammed Lee,Syria
CP22963,Mohammed Mansour,Syria
CP22964,Viktor Wilson,United Arab Emirates
CP22965,Peter Hosseini,United Arab Emirates
CP22966,Omar Lee,Mexico
CP22967,Farid Brown,Canada
CP22968,Hassan Mansour,Turkey
CP22969,Ahmed Smith,United Arab Emirates
CP22970,Sara Smith,United Arab Emirates
CP22971,Ahmed Ivanov,Russia
CP22972,John Petrov,United States
CP22973,Peter Mansour,United Kingdom
CP22974,Viktor Hosseini,Syria
CP22975,Hassan Wang,Belarus
CP22976,Anna Zhang,Mexico
CP22977,Sara Volkov,United Kingdom
CP22978,Jin Hosseini,India
CP22979,Ivan Sokolov,Canada
CP22980,Nikolai Brown,Belarus
CP22981,John Smith,Belarus
CP22982,Ali Wilson,United Arab Emirates
CP22983,Mohammed Volkov,Iran
CP22984,Mohammed Lee,India
CP22985,John Haddad,Russia
CP22986,Sara Zhang,Iran
CP22987,Nikolai Haddad,Iran
CP22988,Mark Wang,Iran
CP22989,Reza Ivanov,Nigeria
CP22990,Wei Khalil,Turkey
CP22991,Mohammed Sokolov,Iran
CP22992,Mark Volkov,United Kingdom
CP22993,Jin Volkov,Mexico
CP22994,Ali Karimi,Syria
CP22995,Reza Rahimi,Syria
CP22996,Karim Al Rashid,India
CP22997,Ahmed Wang,Syria
CP22998,Mark Wang,Mexico
CP22999,Farid Sokolov,Iran
CP23000,Farid Haddad,Syria
CP23001,Ahmed Lee,Iran
CP23002,Peter Nouri,Nigeria
CP23003,Jin Ivanov,Russia
CP23004,Ivan Haddad,United Kingdom
CP23005,Mark Khalil,India
CP23006,Peter Haddad,Belarus
CP23007,Sergei Smith,United States
CP23008,Mark Al Rashid,Turkey
CP23009,Ali Wilson,Canada
CP23010,Omar Wilson,Turkey
CP23011,Reza Lee,Iran
CP23012,Ahmed Mansour,Nigeria
CP23013,Samir Khalil,Mexico
CP23014,Peter Hosseini,India
CP23015,Jin Karimi,Mexico
CP23016,Ali Zhang,Belarus
CP23017,Jin Al Rashid,Turkey
CP23018,Nikolai Hosseini,Belarus
CP23019,Mohammed Rahimi,United Arab Emirates
CP23020,Farid Wang,Belarus
CP23021,Wei Wang,Mexico
CP23022,Jin Al Rashid,Syria
CP23023,Ahmed Haddad,Russia
CP23024,Anna Lee,United States
CP23025,Reza Al Rashid,United States
CP23026,Anna Brown,Canada
CP23027,John Karimi,United States
CP23028,Karim Hosseini,Nigeria
CP23029,Mark Sokolov,India
CP23030,Farid Mansour,Russia
CP23031,John Zhang,United Kingdom
CP23032,Sara Petrov,India
CP23033,Mohammed Al Rashid,United Arab Emirates
CP23034,Hassan Hosseini,Iran
CP23035,John Hosseini,Syria
CP23036,Ivan Haddad,United States
CP23037,Mohammed Rahimi,Russia
CP23038,Reza Ivanov,Syria
CP23039,Peter Wilson,Russia
CP23040,Hassan Lee,Nigeria
CP23041,Sara Petrov,India
CP23042,Mohammed Rahimi,United Arab Emirates
CP23043,John Khalil,Mexico
CP23044,Yousef Brown,Turkey
CP23045,Wei Al Rashid,Nigeria
CP23046,Sara Brown,Russia
CP23047,Nikolai Petrov,Mexico
CP23048,Nikolai Nouri,Belarus
CP23049,Ahmed Wilson,Russia
CP23050,Hassan Wang,Belarus
CP23051,Farid Khalil,United Arab Emirates
CP23052,Viktor Karimi,Iran
CP23053,Sara Lee,United Kingdom
CP23054,Nikolai Volkov,Mexico
CP23055,Karim Khalil,United States
CP23056,Samir Sokolov,Canada
CP23057,Ahmed Volkov,Iran
CP23058,Mohammed Rahimi,United Arab Emirates
CP23059,Wei Brown,Iran
CP23060,Ali Khalil,Syria
CP23061,Karim Karimi,Nigeria
CP23062,Wei Ivanov,Belarus
CP23063,Ahmed Brown,Russia
CP23064,Yousef Wilson,Nigeria
CP23065,Ahmed Wang,Nigeria
CP23066,Nikolai Wilson,United Arab Emirates
CP23067,Mohammed Sokolov,Syria
CP23068,Anna Nouri,Syria
CP23069,Mark Al Rashid,United Kingdom
CP23070,Mark Wang,United Kingdom
CP23071,Farid Wang,Russia
CP23072,Anna Haddad,India
CP23073,Ali Nouri,United Kingdom
CP23074,Viktor Haddad,United Arab Emirates
CP23075,Nikolai Khalil,United States
CP23076,Hassan Mansour,Belarus
CP23077,Jin Ivanov,Belarus
CP23078,John Nouri,Mexico
CP23079,Hassan Wilson,Nigeria
CP23080,Nikolai Hosseini,Turkey
CP23081,Sergei Al Rashid,United Kingdom
CP23082,Karim Sokolov,Syria
CP23083,Nikolai Lee,Belarus
CP23084,Peter Hosseini,Mexico
CP23085,Nikolai Rahimi,United States
CP23086,Peter Lee,Belarus
CP23087,Ali Haddad,Canada
CP23088,Samir Wang,United Kingdom
CP23089,Ali Haddad,Canada
CP23090,Ali Wilson,United States
CP23091,Omar Mansour,India
CP23092,Yousef Petrov,Iran
CP23093,Reza Khalil,Russia
CP23094,Karim Brown,Belarus
CP23095,Hassan Hosseini,Turkey
CP23096,Yousef Wang,India
CP23097,Sergei Khalil,Iran
CP23098,Mohammed Brown,Russia
CP23099,Karim Petrov,United States
CP23100,Sara Haddad,Russia
CP23101,Karim Wang,Belarus
CP23102,Sergei Wilson,Canada
CP23103,Mohammed Hosseini,Iran
CP23104,Hassan Wilson,Syria
CP23105,Farid Hosseini,United States
CP23106,Ivan Brown,Iran
CP23107,Anna Zhang,Mexico
CP23108,Wei Sokolov,Turkey
CP23109,Hassan Ivanov,Russia
CP23110,Nikolai Volkov,Belarus
CP23111,Peter Rahimi,Syria
CP23112,Wei Smith,Iran
CP23113,Mohammed Volkov,United States
CP23114,Peter Brown,Mexico
CP23115,John Rahimi,United Arab Emirates
CP23116,Hassan Petrov,United Kingdom
CP23117,Ivan Sokolov,Mexico
CP23118,Peter Ivanov,Belarus
CP23119,Peter Petrov,Russia
CP23120,Wei Brown,United States
CP23121,Samir Zhang,Nigeria
CP23122,John Nouri,Syria
CP23123,Hassan Rahimi,United Arab Emirates
CP23124,Omar Wang,Mexico
CP23125,Hassan Petrov,Mexico
CP23126,Reza Rahimi,Mexico
CP23127,Reza Zhang,Russia
CP23128,Reza Volkov,Mexico
CP23129,Ivan Nouri,United Arab Emirates
CP23130,Karim Khalil,Iran
CP23131,Ahmed Ivanov,Canada
CP23132,Omar Lee,Nigeria
CP23133,Hassan Karimi,Belarus
CP23134,Omar Al Rashid,United Arab Emirates
CP23135,Anna Ivanov,Nigeria
CP23136,Hassan Mansour,India
CP23137,Wei Rahimi,United States
CP23138,Mohammed Zhang,Syria
CP23139,Ali Zhang,Canada
CP23140,Sara Lee,Canada
CP23141,Sara Wilson,Russia
CP23142,Mark Brown,India
CP23143,Omar Khalil,Russia
CP23144,John Ivanov,Mexico
CP23145,Yousef Brown,Mexico
CP23146,Ahmed Sokolov,Russia
CP23147,Reza Volkov,Canada
CP23148,Hassan Wilson,United Kingdom
CP23149,Sergei Sokolov,Iran
CP23150,Jin Khalil,Syria
CP23151,Sara Wilson,Nigeria
CP23152,Reza Rahimi,Mexico
CP23153,John Smith,Syria
CP23154,Ali Wilson,Mexico
CP23155,Yousef Petrov,Nigeria
CP23156,Mark Volkov,Russia
CP23157,Ahmed Lee,United Kingdom
CP23158,Anna Ivanov,Belarus
CP23159,Viktor Mansour,Canada
CP23160,Nikolai Khalil,Canada
CP23161,Ivan Petrov,Canada
CP23162,Ali Wilson,Iran
CP23163,Sara Al Rashid,Canada
CP23164,Nikolai Lee,United Arab Emirates
CP23165,Nikolai Al Rashid,United Kingdom
CP23166,Anna Hosseini,Iran
CP23167,Sergei Sokolov,Canada
CP23168,Wei Sokolov,Iran
CP23169,Ahmed Volkov,Iran
CP23170,Nikolai Wilson,Syria
CP23171,Anna Volkov,United States
CP23172,Omar Nouri,United States
CP23173,Ali Al Rashid,United Kingdom
CP23174,Viktor Haddad,India
CP23175,John Khalil,United Kingdom
CP23176,Anna Smith,Belarus
CP23177,Omar Haddad,United States
CP23178,Ahmed Rahimi,United Kingdom
CP23179,Ali Brown,Canada
CP23180,Karim Volkov,United States
CP23181,Reza Ivanov,United Arab Emirates
CP23182,Peter Mansour,Mexico
CP23183,Samir Haddad,United Arab Emirates
CP23184,Nikolai Haddad,Mexico
CP23185,Ali Karimi,Russia
CP23186,Karim Smith,United States
CP23187,Samir Haddad,Iran
CP23188,Nikolai Hosseini,United Arab Emirates
CP23189,Ali Al Rashid,Syria
CP23190,Karim Zhang,Turkey
CP23191,Hassan Petrov,Belarus
CP23192,Ali Mansour,India
CP23193,Sergei Ivanov,Russia
CP23194,Jin Ivanov,Russia
CP23195,Ahmed Karimi,Iran
CP23196,Ali Al Rashid,Nigeria
CP23197,Karim Rahimi,Turkey
CP23198,Hassan Sokolov,Turkey
CP23199,Farid Al Rashid,United Arab Emirates
CP23200,Ivan Sokolov,United Kingdom
CP23201,Farid Haddad,United Arab Emirates
CP23202,Peter Ivanov,United Arab Emirates
CP23203,John Brown,Syria
CP23204,Karim Wilson,Syria
CP23205,Sara Smith,United Arab Emirates
CP23206,Yousef Nouri,Turkey
CP23207,Jin Sokolov,Russia
CP23208,John Ivanov,United Arab Emirates
CP23209,John Nouri,Canada
CP23210,Anna Khalil,Belarus
CP23211,Mohammed Mansour,Turkey
CP23212,Peter Zhang,Belarus
CP23213,Hassan Lee,United States
CP23214,Jin Petrov,Syria
CP23215,Sergei Hosseini,United States
CP23216,Wei Mansour,Canada
CP23217,Ivan Wilson,United Arab Emirates
CP23218,Farid Hosseini,Russia
CP23219,Yousef Petrov,Canada
CP23220,Ivan Nouri,United Kingdom
CP23221,Jin Lee,Syria
CP23222,Karim Rahimi,India
CP23223,Sara Wilson,Iran
CP23224,Mohammed Sokolov,Canada
CP23225,Yousef Ivanov,Canada
CP23226,Ahmed Smith,Syria
CP23227,Mohammed Al Rashid,United States
CP23228,Samir Ivanov,Nigeria
CP23229,Mark Haddad,United Arab Emirates
CP23230,Wei Hosseini,Syria
CP23231,Mohamed Wang,North Korea
CP23232,Viktor Karimi,Iran
CP23233,Sara Rahimi,India
CP23234,Omar Smith,United Kingdom
CP23235,Samir Mansour,North Korea
CP23236,Mohammed Petrov,Turkey
CP23237,Wei Zhang,Belarus
CP23238,Peter Volkov,Belarus
CP23239,Sara Rahimi,India
CP23240,Ali Rahimi,United Kingdom
CP23241,Yousef Karimi,Turkey
CP23242,Reza Al Rashid,Mexico
CP23243,Ahmed Mansour,Belarus
CP23244,Ivan Hosseini,Canada
CP23245,Ahmed Nouri,United Arab Emirates
CP23246,Farid Nouri,Canada
CP23247,Reza Hosseini,United Kingdom
CP23248,Nikolai Mansour,Canada
CP23249,Mark Nouri,United Arab Emirates
CP23250,John Haddad,Iran
CP23251,Farid Zhang,Russia
CP23252,Ahmed Haddad,United Arab Emirates
CP23253,Reza Zhang,Syria
CP23254,Sara Hosseini,United Kingdom
CP23255,Ali Mansour,United States
CP23256,Jin Hosseini,Turkey
CP23257,Sara Volkov,United Kingdom
CP23258,Samir Mansour,Russia
CP23259,Jin Hosseini,Syria
CP23260,Samir Rahimi,United States
CP23261,Mohammed Karimi,Nigeria
CP23262,Reza Smith,Iran
CP23263,Mark Sokolov,Iran
CP23264,Wei Nouri,Belarus
CP23265,Jin Rahimi,Syria
CP23266,Peter Rahimi,Nigeria
CP23267,Omar Brown,Belarus
CP23268,Nikolai Khalil,United Arab Emirates
CP23269,Nikolai Wilson,India
CP23270,Ivan Ivanov,Mexico
CP23271,Karim Sokolov,United States
CP23272,Reza Al Rashid,Iran
CP23273,Ahmed Petrov,United Kingdom
CP23274,Farid Petrov,Nigeria
CP23275,Ahmed Brown,United Arab Emirates
CP23276,Sergei Brown,Nigeria
CP23277,Omar Brown,United Kingdom
CP23278,Ahmed Lee,India
CP23279,Omar Lee,United Arab Emirates
CP23280,Hassan Petrov,Mexico
CP23281,Jin Hosseini,Iran
CP23282,Ali Lee,India
CP23283,Karim Lee,Russia
CP23284,Hassan Khalil,United Arab Emirates
CP23285,Mark Volkov,Turkey
CP23286,Farid Hosseini,Turkey
CP23287,Karim Haddad,Canada
CP23288,Viktor Petrov,Turkey
CP23289,Omar Brown,Canada
CP23290,Ali Al Rashid,United Kingdom
CP23291,Mohammed Smith,Syria
CP23292,Mohammed Rahimi,Belarus
CP23293,Yousef Rahimi,Syria
CP23294,Sara Smith,Nigeria
CP23295,Karim Smith,Canada
CP23296,Peter Sokolov,United Arab Emirates
CP23297,Ali Haddad,Turkey
CP23298,Ivan Petrov,Nigeria
CP23299,Ivan Al Rashid,Mexico
CP23300,Ivan Volkov,Iran
CP23301,Jin Mansour,Mexico
CP23302,Ivan Volkov,United Arab Emirates
CP23303,Reza Zhang,Belarus
CP23304,Sara Sokolov,Turkey
CP23305,John Ivanov,Belarus
CP23306,Wei Petrov,United Arab Emirates
CP23307,John Haddad,Canada
CP23308,Viktor Petrov,Canada
CP23309,Sara Wang,United Arab Emirates
CP23310,Mohammed Smith,United Kingdom
CP23311,Samir Smith,Belarus
CP23312,Ahmed Brown,Belarus
CP23313,Hassan Rahimi,Russia
CP23314,Ivan Wilson,United States
CP23315,Yousef Volkov,Iran
CP23316,Ali Al Rashid,Syria
CP23317,Hassan Smith,Belarus
CP23318,John Mansour,United Kingdom
CP23319,Ahmed Zhang,Russia
CP23320,Omar Brown,Canada
CP23321,Anna Lee,Nigeria
CP23322,Farid Karimi,India
CP23323,Reza Zhang,Turkey
CP23324,Ali Petrov,United Arab Emirates
CP23325,Peter Mansour,United Arab Emirates
CP23326,Ivan Karimi,Turkey
CP23327,Nikolai Wang,United States
CP23328,Anna Khalil,Russia
CP23329,Ahmed Mansour,United States
CP23330,Sara Lee,Iran
CP23331,Yousef Ivanov,United States
CP23332,Sara Ivanov,United Arab Emirates
CP23333,Ali Zhang,Mexico
CP23334,Ahmed Ivanov,Belarus
CP23335,Peter Ivanov,United States
CP23336,Hassan Volkov,Belarus
CP23337,Hassan Nouri,India
CP23338,Reza Smith,Belarus
CP23339,Nikolai Wilson,India
CP23340,Viktor Volkov,United States
CP23341,Peter Brown,United Arab Emirates
CP23342,Farid Karimi,Syria
CP23343,Omar Petrov,Turkey
CP23344,John Wilson,Russia
CP23345,Hassan Sokolov,Nigeria
CP23346,Peter Volkov,Syria
CP23347,Peter Petrov,United Kingdom
CP23348,Anna Zhang,Canada
CP23349,John Rahimi,Belarus
CP23350,Farid Wilson,United States
CP23351,Hassan Lee,Iran
CP23352,John Karimi,Iran
CP23353,Jin Brown,Russia
CP23354,Nikolai Sokolov,Nigeria
CP23355,John Brown,United States
CP23356,Anna Smith,Syria
CP23357,Nikolai Volkov,Syria
CP23358,Samir Haddad,Turkey
CP23359,Ali Al Rashid,Iran
CP23360,Wei Lee,Turkey
CP23361,Ahmed Rahimi,United States
CP23362,Hassan Wilson,Iran
CP23363,Jin Haddad,India
CP23364,Mohammed Karimi,Nigeria
CP23365,Reza Ivanov,United Arab Emirates
CP23366,Jin Rahimi,Turkey
CP23367,Wei Volkov,United Kingdom
CP23368,Peter Khalil,Nigeria
CP23369,Ahmed Mansour,Russia
CP23370,Anna Lee,Iran
CP23371,Omar Volkov,Iran
CP23372,Sara Brown,Nigeria
CP23373,Jin Petrov,Belarus
CP23374,Karim Mansour,United Arab Emirates
CP23375,Nikolai Wilson,Syria
CP23376,John Ivanov,Belarus
CP23377,Farid Wang,Canada
CP23378,Sergei Karimi,United States
CP23379,Ivan Hosseini,United Arab Emirates
CP23380,Samir Brown,United Kingdom
CP23381,Ivan Al Rashid,India
CP23382,Anna Mansour,Belarus
CP23383,Sara Petrov,United States
CP23384,Sergei Brown,Turkey
CP23385,Viktor Smith,India
CP23386,Mark Sokolov,United Arab Emirates
CP23387,Ahmed Haddad,Syria
CP23388,Ahmed Hosseini,United Arab Emirates
CP23389,Ali Volkov,United Arab Emirates
CP23390,Omar Brown,Belarus
CP23391,Reza Smith,Iran
CP23392,Mark Brown,United Arab Emirates
CP23393,Sergei Wilson,Iran
CP23394,Mohammed Mansour,Belarus
CP23395,Anna Khalil,Mexico
CP23396,Farid Mansour,Mexico
CP23397,Sara Wang,Russia
CP23398,Omar Karimi,Mexico
CP23399,Yousef Brown,United States
CP23400,Omar Karimi,United Arab Emirates
CP23401,Yousef Haddad,Nigeria
CP23402,Viktor Rahimi,India
CP23403,Samir Wilson,Iran
CP23404,Jin Hosseini,Nigeria
CP23405,Sara Karimi,Russia
CP23406,Hassan Lee,Nigeria
CP23407,Sara Brown,Russia
CP23408,Anna Karimi,Canada
CP23409,Omar Smith,Canada
CP23410,Ali Petrov,Belarus
CP23411,Ali Volkov,Canada
CP23412,Mohammed Karimi,Nigeria
CP23413,Yousef Sokolov,United Arab Emirates
CP23414,Ali Zhang,United Kingdom
CP23415,Sara Al Rashid,Canada
CP23416,Omar Brown,India
CP23417,Reza Al Rashid,Turkey
CP23418,Samir Rahimi,Mexico
CP23419,Mohammed Brown,Syria
CP23420,Karim Wang,Syria
CP23421,Sara Karimi,India
CP23422,Yousef Brown,United Arab Emirates
CP23423,Omar Al Rashid,Turkey
CP23424,Reza Ivanov,Canada
CP23425,Hassan Rahimi,Nigeria
CP23426,Reza Sokolov,United States
CP23427,Jin Karimi,Turkey
CP23428,Nikolai Ivanov,Iran
CP23429,Mohammed Mansour,Russia
CP23430,Karim Petrov,Iran
CP23431,Sergei Petrov,Belarus
CP23432,Yousef Karimi,United States
CP23433,Ivan Ivanov,Turkey
CP23434,Sergei Smith,Russia
CP23435,Ahmed Smith,Belarus
CP23436,Ahmed Al Rashid,Syria
CP23437,Sara Zhang,Turkey
CP23438,Viktor Petrov,India
CP23439,Karim Wilson,United Kingdom
CP23440,Sara Brown,Mexico
CP23441,Sara Sokolov,Turkey
CP23442,Hassan Hosseini,United Arab Emirates
CP23443,Sara Volkov,United Arab Emirates
CP23444,Omar Mansour,Canada
CP23445,Anna Al Rashid,Nigeria
CP23446,Sergei Khalil,Russia
CP23447,Ali Karimi,United States
CP23448,Ahmed Mansour,United Kingdom
CP23449,Ivan Sokolov,Mexico
CP23450,Sara Sokolov,United States
CP23451,Viktor Karimi,United Kingdom
CP23452,Ali Smith,India
CP23453,Ali Mansour,Nigeria
CP23454,Anna Karimi,Syria
CP23455,Peter Karimi,India
CP23456,Omar Wang,India
CP23457,Ali Smith,India
CP23458,Hassan Rahimi,Iran
CP23459,Ali Hosseini,Nigeria
CP23460,Sara Volkov,Russia
CP23461,Ahmed Sokolov,Syria
CP23462,Samir Smith,Belarus
CP23463,Ivan Nouri,United Kingdom
CP23464,Sara Lee,United Arab Emirates
CP23465,Mohammed Zhang,India
CP23466,Samir Haddad,Turkey
CP23467,Samir Nouri,United Kingdom
CP23468,Anna Smith,Russia
CP23469,Reza Wang,United Arab Emirates
CP23470,Peter Smith,United Kingdom
CP23471,Ali Rahimi,United Arab Emirates
CP23472,Omar Rahimi,United Kingdom
CP23473,Hassan Smith,Syria
CP23474,Samir Wang,United States
CP23475,Mohammed Karimi,Turkey
CP23476,Samir Hosseini,Iran
CP23477,Mark Karimi,United States
CP23478,Sara Zhang,Iran
CP23479,Ivan Khalil,Turkey
CP23480,Yousef Smith,Mexico
CP23481,Jin Ivanov,Belarus
CP23482,Ali Zhang,India
CP23483,Karim Lee,Iran
CP23484,Jin Haddad,United Arab Emirates
CP23485,Wei Haddad,Turkey
CP23486,Samir Smith,Turkey
CP23487,Yousef Khalil,Mexico
CP23488,Karim Hosseini,Syria
CP23489,Ahmed Zhang,United States
CP23490,Reza Petrov,Belarus
CP23491,Ahmed Mansour,United States
CP23492,Anna Volkov,United States
CP23493,Viktor Rahimi,Syria
CP23494,Farid Petrov,Mexico
CP23495,Wei Wang,Russia
CP23496,Samir Khalil,Mexico
CP23497,Wei Brown,United Arab Emirates
CP23498,Nikolai Zhang,Mexico
CP23499,Sara Al Rashid,Canada
CP23500,Reza Karimi,India
CP23501,Omar Nouri,India
CP23502,Jin Khalil,Nigeria
CP23503,Reza Sokolov,Mexico
CP23504,Hassan Wang,United Arab Emirates
CP23505,Reza Wilson,Belarus
CP23506,Sergei Brown,United Kingdom
CP23507,Karim Hosseini,Turkey
CP23508,Nikolai Karimi,Canada
CP23509,Reza Khalil,Belarus
CP23510,Omar Brown,Belarus
CP23511,Ali Haddad,Belarus
CP23512,Anna Brown,United Kingdom
CP23513,Samir Mansour,United Kingdom
CP23514,Nikolai Ivanov,Belarus
CP23515,Ahmed Brown,Iran
CP23516,Mark Wilson,Syria
CP23517,Samir Volkov,Nigeria
CP23518,Sergei Hosseini,Mexico
CP23519,Mark Volkov,Turkey
CP23520,Peter Brown,Syria
CP23521,Nikolai Wilson,Belarus
CP23522,Mohammed Volkov,Belarus
CP23523,Reza Wang,Belarus
CP23524,Farid Petrov,United States
CP23525,Wei Haddad,Syria
CP23526,Reza Sokolov,Belarus
CP23527,Ivan Karimi,United States
CP23528,Samir Al-Rashid,Belarus
CP23529,Reza Petrov,Belarus
CP23530,Peter Ivanov,Belarus
CP23531,Karim Al Rashid,Russia
CP23532,Viktor Rahimi,Turkey
CP23533,Peter Rahimi,Belarus
CP23534,Farid Smith,Russia
CP23535,Sara Nouri,Belarus
CP23536,Farid Haddad,Canada
CP23537,Omar Sokolov,United Kingdom
CP23538,John Mansour,Belarus
CP23539,Anna Ivanov,United Arab Emirates
CP23540,Nikolai Mansour,Turkey
CP23541,Sergei Lee,Belarus
CP23542,Hassan Brown,Turkey
CP23543,Yousef Mansour,Iran
CP23544,Ali Volkov,India
CP23545,Mohammed Khalil,Belarus
CP23546,Farid Haddad,United States
CP23547,Jin Mansour,Belarus
CP23548,Reza Sokolov,Belarus
CP23549,Ali Brown,Mexico
CP23550,Samir Sokolov,United Arab Emirates
CP23551,Viktor Ivanov,United Kingdom
CP23552,Jin Karimi,Nigeria
CP23553,Mohammed Mansour,Mexico
CP23554,Reza Volkov,Syria
CP23555,Viktor Ivanov,Turkey
CP23556,Peter Karimi,United Kingdom
CP23557,Omar Nouri,Syria
CP23558,Wei Karimi,Canada
CP23559,Jin Wilson,United Arab Emirates
CP23560,Anna Ivanov,Mexico
CP23561,Farid Khalil,Iran
CP23562,Sergei Rahimi,Canada
CP23563,Sergei Mansour,Belarus
CP23564,Hassan Mansour,Iran
CP23565,Ahmed Wang,India
CP23566,Ali Wilson,Syria
CP23567,Ali Smith,United Kingdom
CP23568,Viktor Nouri,Belarus
CP23569,Nikolai Mansour,Mexico
CP23570,Karim Rahimi,Iran
CP23571,Nikolai Hosseini,United Arab Emirates
CP23572,Hassan Petrov,Russia
CP23573,Ahmed Wilson,United Arab Emirates
CP23574,Ivan Smith,Nigeria
CP23575,Anna Wilson,Iran
CP23576,Samir Zhang,United Arab Emirates
CP23577,Anna Karimi,Iran
CP23578,Nikolai Mansour,United Arab Emirates
CP23579,Omar Al Rashid,United Kingdom
CP23580,Wei Rahimi,Russia
CP23581,Yousef Khalil,Russia
CP23582,Nikolai Brown,Turkey
CP23583,John Volkov,Turkey
CP23584,Sara Petrov,Canada
CP23585,Peter Ivanov,Turkey
CP23586,Hassan Zhang,Canada
CP23587,Samir Ivanov,India
CP23588,Reza Smith,Russia
CP23589,Sergei Sokolov,India
CP23590,Sara Karimi,United Arab Emirates
CP23591,Ivan Ivanov,India
CP23592,Mark Volkov,India
CP23593,Omar Al Rashid,Iran
CP23594,Peter Rahimi,Canada
CP23595,Mohammed Zhang,Iran
CP23596,Mark Nouri,United Arab Emirates
CP23597,Hassan Volkov,United States
CP23598,John Wang,Nigeria
CP23599,Peter Rahimi,Mexico
CP23600,Wei Zhang,Syria
CP23601,Viktor Rahimi,United States
CP23602,Omar Hosseini,Canada
CP23603,Ali Brown,Syria
CP23604,Hassan Hosseini,Mexico
CP23605,Farid Rahimi,Syria
CP23606,Farid Smith,United Kingdom
CP23607,Viktor Petrov,India
CP23608,Reza Hosseini,Nigeria
CP23609,Anna Wilson,Nigeria
CP23610,Mark Al Rashid,Syria
CP23611,Jin Sokolov,Iran
CP23612,Farid Nouri,Russia
CP23613,Omar Karimi,Belarus
CP23614,Sara Petrov,United Kingdom
CP23615,Mohammed Smith,United Kingdom
CP23616,Jin Wilson,United Arab Emirates
CP23617,Yousef Zhang,Syria
CP23618,Ahmed Rahimi,Canada
CP23619,Hassan Wilson,Mexico
CP23620,Hassan Mansour,India
CP23621,Samir Al Rashid,India
CP23622,Reza Hosseini,Belarus
CP23623,Sara Sokolov,Canada
CP23624,Yousef Smith,Nigeria
CP23625,Jin Sokolov,Belarus
CP23626,John Mansour,Mexico
CP23627,Ahmed Rahimi,United Kingdom
CP23628,Ivan Wilson,Mexico
CP23629,Ahmed Rahimi,Nigeria
CP23630,Mohammed Brown,Russia
CP23631,Yousef Hosseini,Russia
CP23632,Yousef Wang,United States
CP23633,Sara Lee,Turkey
CP23634,Hassan Wang,Canada
CP23635,Ali Hosseini,Canada
CP23636,Samir Volkov,Canada
CP23637,Peter Wilson,United Kingdom
CP23638,Reza Ivanov,United Kingdom
CP23639,Omar Wilson,United Kingdom
CP23640,John Wang,Mexico
CP23641,Ivan Al Rashid,Russia
CP23642,Wei Wilson,Russia
CP23643,Wei Mansour,Canada
CP23644,Omar Hosseini,United Kingdom
CP23645,John Al Rashid,Syria
CP23646,Sergei Volkov,Iran
CP23647,Yousef Brown,United Arab Emirates
CP23648,Ali Lee,Canada
CP23649,Mohammed Rahimi,India
CP23650,Nikolai Sokolov,Nigeria
CP23651,Samir Smith,Iran
CP23652,Farid Nouri,United Kingdom
CP23653,Omar Karimi,United States
CP23654,Sara Wang,Nigeria
CP23655,Nikolai Karimi,Russia
CP23656,Peter Ivanov,Belarus
CP23657,Wei Lee,India
CP23658,Omar Lee,Turkey
CP23659,Viktor Rahimi,Nigeria
CP23660,Peter Zhang,Russia
CP23661,Sergei Lee,Russia
CP23662,Anna Karimi,United States
CP23663,Ivan Zhang,United States
CP23664,Wei Brown,Iran
CP23665,John Ivanov,Turkey
CP23666,Peter Wang,United Arab Emirates
CP23667,Ivan Rahimi,Nigeria
CP23668,Jin Rahimi,Russia
CP23669,Samir Smith,Belarus
CP23670,Reza Wang,Nigeria
CP23671,Yousef Sokolov,Russia
CP23672,Jin Ivanov,Turkey
CP23673,Ahmed Smith,Syria
CP23674,Ahmed Zhang,Syria
CP23675,Anna Brown,Syria
CP23676,Omar Lee,Mexico
CP23677,Sergei Rahimi,Belarus
CP23678,Karim Ivanov,Canada
CP23679,Sergei Wilson,Turkey
CP23680,Sergei Volkov,Russia
CP23681,Nikolai Wang,United Kingdom
CP23682,Ivan Nouri,Canada
CP23683,Anna Lee,United Arab Emirates
CP23684,Farid Zhang,Russia
CP23685,Mark Lee,Nigeria
CP23686,Sergei Lee,Belarus
CP23687,Sara Haddad,Belarus
CP23688,Jin Wilson,Canada
CP23689,Wei Mansour,Syria
CP23690,Peter Smith,Canada
CP23691,Mark Smith,Turkey
CP23692,Mark Lee,Belarus
CP23693,Mark Volkov,Canada
CP23694,Karim Ivanov,Iran
CP23695,Anna Karimi,United States
CP23696,Mohammed Khalil,Mexico
CP23697,Peter Ivanov,Turkey
CP23698,Jin Nouri,Iran
CP23699,Viktor Al Rashid,India
CP23700,Samir Volkov,Turkey
CP23701,Wei Mansour,India
CP23702,Yousef Sokolov,Canada
CP23703,Nikolai Mansour,United Arab Emirates
CP23704,Sergei Lee,United States
CP23705,Nikolai Volkov,United States
CP23706,Karim Wilson,Russia
CP23707,Peter Hosseini,India
CP23708,Farid Karimi,Russia
CP23709,Sergei Smith,Canada
CP23710,Wei Volkov,Syria
CP23711,Peter Ivanov,Syria
CP23712,Jin Brown,Iran
CP23713,John Mansour,United States
CP23714,Reza Karimi,Canada
CP23715,Anna Mansour,Nigeria
CP23716,Nikolai Brown,Mexico
CP23717,Karim Volkov,Iran
CP23718,Karim Volkov,Russia
CP23719,Mark Smith,United Arab Emirates
CP23720,John Sokolov,Turkey
CP23721,Farid Lee,Canada
CP23722,Yousef Smith,Nigeria
CP23723,Mark Haddad,Mexico
CP23724,Reza Rahimi,Russia
CP23725,Yousef Haddad,Syria
CP23726,Ali Brown,Turkey
CP23727,Anna Volkov,Mexico
CP23728,Ali Al Rashid,United Kingdom
CP23729,Yousef Al Rashid,United Arab Emirates
CP23730,Anna Ivanov,Mexico
CP23731,Viktor Nouri,Syria
CP23732,Ivan Mansour,Belarus
CP23733,Farid Wang,Mexico
CP23734,Jin Wilson,United Kingdom
CP23735,Hassan Karimi,Syria
CP23736,John Zhang,Iran
CP23737,Hassan Karimi,Belarus
CP23738,Samir Al Rashid,Canada
CP23739,Viktor Sokolov,United Arab Emirates
CP23740,Jin Wang,Mexico
CP23741,Omar Mansour,Mexico
CP23742,Sergei Hosseini,Mexico
CP23743,Farid Al Rashid,India
CP23744,Samir Lee,Belarus
CP23745,Omar Sokolov,Russia
CP23746,Hassan Wang,Belarus
CP23747,Ivan Al Rashid,Syria
CP23748,Farid Volkov,Canada
CP23749,Reza Al Rashid,Syria
CP23750,Viktor Ivanov,India
CP23751,Nikolai Sokolov,Mexico
CP23752,Yousef Petrov,Canada
CP23753,Karim Petrov,India
CP23754,Ivan Khalil,United States
CP23755,Omar Haddad,Belarus
CP23756,Samir Zhang,Turkey
CP23757,Yousef Brown,Iran
CP23758,Nikolai Wang,India
CP23759,Viktor Al Rashid,Syria
CP23760,Sara Mansour,Iran
CP23761,Anna Zhang,Iran
CP23762,Sergei Ivanov,India
CP23763,Omar Volkov,Syria
CP23764,Peter Wang,United States
CP23765,Mark Mansour,Canada
CP23766,Anna Petrov,Turkey
CP23767,Viktor Hosseini,Belarus
CP23768,Wei Wilson,United Arab Emirates
CP23769,Yousef Volkov,Iran
CP23770,Nikolai Haddad,Russia
CP23771,Karim Wang,United Arab Emirates
CP23772,Samir Lee,Belarus
CP23773,Ali Rahimi,Belarus
CP23774,Mark Ivanov,United Kingdom
CP23775,Anna Lee,Iran
CP23776,Ali Khalil,United Arab Emirates
CP23777,Peter Volkov,Syria
CP23778,Nikolai Mansour,Nigeria
CP23779,Mark Volkov,Russia
CP23780,Anna Wang,Nigeria
CP23781,Sergei Karimi,Syria
CP23782,Hassan Wilson,United Arab Emirates
CP23783,Samir Khalil,Iran
CP23784,Anna Haddad,Turkey
CP23785,Ali Volkov,Nigeria
CP23786,Mark Brown,Canada
CP23787,Anna Wilson,Iran
CP23788,Karim Brown,Mexico
CP23789,Anna Nouri,Nigeria
CP23790,John Volkov,Russia
CP23791,Reza Zhang,Belarus
CP23792,Ahmed Lee,United Arab Emirates
CP23793,Viktor Ivanov,India
CP23794,Wei Hosseini,United States
CP23795,Ali Wilson,Syria
CP23796,Jin Rahimi,United Kingdom
CP23797,Wei Sokolov,Canada
CP23798,Mohammed Sokolov,Canada
CP23799,Ivan Al Rashid,Mexico
CP23800,Ali Mansour,Russia
CP23801,Yousef Mansour,Russia
CP23802,Samir Mansour,Russia
CP23803,Ali Smith,Turkey
CP23804,Reza Lee,United Kingdom
CP23805,Yousef Nouri,Russia
CP23806,Mohammed Mansour,United Kingdom
CP23807,Reza Petrov,Russia
CP23808,Farid Khalil,United States
CP23809,Wei Sokolov,United States
CP23810,Yousef Haddad,Canada
CP23811,Ahmed Smith,Syria
CP23812,Mark Ivanov,Canada
CP23813,Nikolai Volkov,Belarus
CP23814,Jin Wang,United States
CP23815,Sara Haddad,Nigeria
CP23816,Samir Sokolov,Turkey
CP23817,Nikolai Smith,Canada
CP23818,Ivan Brown,India
CP23819,Nikolai Lee,Iran
CP23820,Peter Nouri,Nigeria
CP23821,Omar Brown,Nigeria
CP23822,Mohammed Al Rashid,Turkey
CP23823,Reza Wang,India
CP23824,Anna Zhang,United Kingdom
CP23825,Samir Karimi,United States
CP23826,Reza Wilson,Nigeria
CP23827,Anna Wang,Russia
CP23828,Ivan Mansour,Turkey
CP23829,Hassan Al-Rashid,Iran
CP23830,Reza Mansour,United Arab Emirates
CP23831,Ivan Hosseini,United Kingdom
CP23832,Ivan Petrov,Belarus
CP23833,Sergei Khalil,India
CP23834,Ivan Nouri,Nigeria
CP23835,Hassan Ivanov,Canada
CP23836,Omar Brown,United Kingdom
CP23837,Ahmed Nouri,Nigeria
CP23838,John Karimi,United Kingdom
CP23839,Peter Brown,Turkey
CP23840,Sara Karimi,Iran
CP23841,Sergei Lee,Belarus
CP23842,Yousef Hosseini,Iran
CP23843,Anna Karimi,Syria
CP23844,Peter Hosseini,Iran
CP23845,Ivan Lee,United Arab Emirates
CP23846,Samir Rahimi,Canada
CP23847,Yousef Volkov,India
CP23848,Samir Smith,Nigeria
CP23849,Samir Nouri,Russia
CP23850,Anna Smith,Syria
CP23851,Omar Khalil,Mexico
CP23852,Ivan Smith,India
CP23853,Anna Petrov,Mexico
CP23854,John Zhang,Mexico
CP23855,Farid Wilson,Nigeria
CP23856,Omar Petrov,Iran
CP23857,Sara Rahimi,India
CP23858,Omar Sokolov,Mexico
CP23859,Omar Ivanov,Syria
CP23860,Jin Ivanov,United Arab Emirates
CP23861,Omar Haddad,United Arab Emirates
CP23862,Ahmed Sokolov,Iran
CP23863,Farid Smith,Turkey
CP23864,Hassan Smith,United Kingdom
CP23865,John Mansour,India
CP23866,Yousef Haddad,Syria
CP23867,John Lee,United States
CP23868,Wei Al Rashid,Russia
CP23869,Karim Haddad,Mexico
CP23870,Karim Zhang,Syria
CP23871,Nikolai Mansour,India
CP23872,Karim Volkov,Syria
CP23873,Peter Wang,Belarus
CP23874,Jin Hosseini,Canada
CP23875,Viktor Mansour,Iran
CP23876,Mark Hosseini,United Arab Emirates
CP23877,Mohammed Smith,Belarus
CP23878,Yousef Hosseini,Russia
CP23879,Wei Haddad,Mexico
CP23880,Yousef Sokolov,Mexico
CP23881,Sara Mansour,Russia
CP23882,Yousef Al Rashid,Belarus
CP23883,Anna Lee,Syria
CP23884,Ali Petrov,Belarus
CP23885,Anna Wilson,Turkey
CP23886,Sergei Zhang,Russia
CP23887,Ali Al Rashid,Belarus
CP23888,Samir Smith,Nigeria
CP23889,Hassan Volkov,Mexico
CP23890,Ivan Volkov,Belarus
CP23891,Karim Wang,Mexico
CP23892,Wei Rahimi,Iran
CP23893,Mohammed Lee,United Kingdom
CP23894,Sergei Wang,Syria
CP23895,Karim Hosseini,United Kingdom
CP23896,Nikolai Wilson,Mexico
CP23897,Ahmed Mansour,Belarus
CP23898,Anna Ivanov,Iran
CP23899,Jin Nouri,Syria
CP23900,Farid Brown,United States
CP23901,Nikolai Wang,India
CP23902,John Karimi,Belarus
CP23903,Ahmed Wilson,Iran
CP23904,Yousef Karimi,Iran
CP23905,Ivan Lee,Russia
CP23906,Samir Rahimi,United States
CP23907,Mark Khalil,Mexico
CP23908,Reza Rahimi,Mexico
CP23909,Mark Sokolov,Mexico
CP23910,Reza Karimi,Belarus
CP23911,Nikolai Brown,Syria
CP23912,Farid Haddad,Nigeria
CP23913,Peter Zhang,Mexico
CP23914,Nikolai Mansour,India
CP23915,Karim Smith,Russia
CP23916,Karim Mansour,United States
CP23917,Samir Brown,Nigeria
CP23918,Sara Sokolov,United States
CP23919,Samir Sokolov,Syria
CP23920,Wei Mansour,India
CP23921,Yousef Wang,Turkey
CP23922,Peter Karimi,Mexico
CP23923,Farid Zhang,Iran
CP23924,Anna Lee,Iran
CP23925,Viktor Khalil,Turkey
CP23926,Jin Wang,Turkey
CP23927,Sergei Wang,India
CP23928,Reza Karimi,Nigeria
CP23929,Hassan Wilson,Russia
CP23930,Ali Karimi,United Kingdom
CP23931,Omar Ivanov,United Arab Emirates
CP23932,Nikolai Hosseini,United Arab Emirates
CP23933,Mark Smith,Russia
CP23934,Nikolai Petrov,Belarus
CP23935,Ahmed Ivanov,Mexico
CP23936,Anna Karimi,Syria
CP23937,Sara Rahimi,United Arab Emirates
CP23938,Mark Khalil,Mexico
CP23939,Viktor Khalil,United Kingdom
CP23940,Samir Al Rashid,United Kingdom
CP23941,Ahmed Al Rashid,United Arab Emirates
CP23942,Mohammed Rahimi,Russia
CP23943,Ivan Mansour,Canada
CP23944,Ivan Brown,Nigeria
CP23945,Jin Haddad,Belarus
CP23946,Anna Wilson,India
CP23947,Farid Smith,Mexico
CP23948,Sara Haddad,India
CP23949,John Haddad,Canada
CP23950,Hassan Zhang,United States
CP23951,Ali Haddad,India
CP23952,Viktor Smith,United Kingdom
CP23953,Wei Petrov,United Arab Emirates
CP23954,Yousef Sokolov,Canada
CP23955,Omar Ivanov,United States
CP23956,Farid Wilson,Nigeria
CP23957,Viktor Volkov,United Arab Emirates
CP23958,Samir Wilson,Mexico
CP23959,Yousef Karimi,Syria
CP23960,Ali Mansour,Russia
CP23961,Peter Mansour,Mexico
CP23962,Farid Sokolov,Russia
CP23963,Wei Mansour,Belarus
CP23964,Nikolai Sokolov,Iran
CP23965,Sergei Brown,United States
CP23966,Sara Smith,Turkey
CP23967,Hassan Volkov,Syria
CP23968,Mohammed Haddad,Belarus
CP23969,Ivan Wang,Mexico
CP23970,Hassan Ivanov,India
CP23971,Anna Petrov,Nigeria
CP23972,Karim Hosseini,Mexico
CP23973,Ahmed Mansour,Nigeria
CP23974,Reza Lee,India
CP23975,Mark Lee,Iran
CP23976,Sergei Hosseini,Turkey
CP23977,Mark Ivanov,Canada
CP23978,Karim Wang,Russia
CP23979,Sara Smith,Syria
CP23980,Ivan Haddad,United Arab Emirates
CP23981,Farid Khalil,Syria
CP23982,Hassan Zhang,Belarus
CP23983,Viktor Nouri,Syria
CP23984,Nikolai Brown,United Arab Emirates
CP23985,Viktor Nouri,Mexico
CP23986,Sara Sokolov,Belarus
CP23987,Peter Ivanov,Syria
CP23988,Yousef Wilson,Turkey
CP23989,Nikolai Al Rashid,Nigeria
CP23990,Ahmed Khalil,Canada
CP23991,Mark Sokolov,Iran
CP23992,John Haddad,United Arab Emirates
CP23993,Reza Khalil,United Kingdom
CP23994,Ahmed Karimi,Canada
CP23995,Jin Haddad,Syria
CP23996,Mark Hosseini,Syria
CP23997,Hassan Wang,Mexico
CP23998,Anna Wilson,Iran
CP23999,Mohammed Zhang,Iran
CP24000,Sergei Rahimi,Iran
CP24001,Anna Brown,United Arab Emirates
CP24002,Mohammed Sokolov,United Kingdom
CP24003,Wei Smith,Turkey
CP24004,Mark Lee,India
CP24005,Anna Lee,Syria
CP24006,Sara Mansour,Belarus
CP24007,Karim Wilson,Belarus
CP24008,Mark Karimi,Iran
CP24009,Ivan Volkov,Belarus
CP24010,Sergei Mansour,North Korea
CP24011,Ali Al-Rashid,Russia
CP24012,Anna Smith,Mexico
CP24013,Karim Wang,Mexico
CP24014,Reza Wang,Belarus
CP24015,Yousef Lee,United Kingdom
CP24016,Mark Lee,United Arab Emirates
CP24017,Nikolai Nouri,Canada
CP24018,Nikolai Mansour,Russia
CP24019,Mark Hosseini,United Kingdom
CP24020,Sergei Mansour,Nigeria
CP24021,Ivan Wilson,Iran
CP24022,Reza Rahimi,Russia
CP24023,Samir Wilson,Turkey
CP24024,Farid Karimi,Nigeria
CP24025,Anna Volkov,Russia
CP24026,Reza Mansour,United Kingdom
CP24027,Farid Mansour,Iran
CP24028,Yousef Al Rashid,Mexico
CP24029,Nikolai Zhang,United Arab Emirates
CP24030,Mohammed Rahimi,Russia
CP24031,Wei Volkov,Canada
CP24032,Anna Brown,Syria
CP24033,Viktor Wang,Canada
CP24034,Karim Smith,India
CP24035,Viktor Rahimi,Nigeria
CP24036,Samir Al Rashid,Belarus
CP24037,Sergei Sokolov,Turkey
CP24038,Ali Sokolov,Belarus
CP24039,Samir Al Rashid,Belarus
CP24040,Jin Brown,Belarus
CP24041,Wei Mansour,Belarus
CP24042,Ahmed Wilson,Nigeria
CP24043,Omar Petrov,Nigeria
CP24044,Anna Karimi,Nigeria
CP24045,Jin Zhang,Syria
CP24046,Farid Hosseini,Nigeria
CP24047,Hassan Al Rashid,Iran
CP24048,Jin Hosseini,United States
CP24049,Anna Karimi,Syria
CP24050,Viktor Petrov,Syria
CP24051,Anna Wilson,Russia
CP24052,Ivan Volkov,Mexico
CP24053,Farid Smith,Belarus
CP24054,Samir Ivanov,Canada
CP24055,Viktor Hosseini,Syria
CP24056,Reza Brown,Russia
CP24057,Yousef Volkov,Iran
CP24058,Ali Petrov,Mexico
CP24059,Karim Brown,Russia
CP24060,Ivan Smith,United States
CP24061,Yousef Wang,United States
CP24062,Samir Ivanov,Mexico
CP24063,Peter Petrov,Russia
CP24064,Sergei Hosseini,Turkey
CP24065,Nikolai Wang,Nigeria
CP24066,Mohammed Karimi,Russia
CP24067,Ivan Karimi,India
CP24068,Samir Khalil,Belarus
CP24069,John Wang,United States
CP24070,Reza Sokolov,Turkey
CP24071,Sara Al Rashid,Russia
CP24072,Nikolai Mansour,Russia
CP24073,Yousef Volkov,Russia
CP24074,Samir Petrov,Canada
CP24075,Anna Hosseini,Iran
CP24076,Hassan Wang,Nigeria
CP24077,Ali Mansour,United States
CP24078,Hassan Karimi,Belarus
CP24079,John Hosseini,India
CP24080,Peter Mansour,Belarus
CP24081,Wei Nouri,Canada
CP24082,Mark Petrov,Belarus
CP24083,Samir Brown,Turkey
CP24084,Nikolai Karimi,India
CP24085,Farid Smith,United Arab Emirates
CP24086,Ali Karimi,United Arab Emirates
CP24087,Farid Brown,United Kingdom
CP24088,Nikolai Brown,Mexico
CP24089,Viktor Ivanov,Syria
CP24090,Yousef Nouri,Canada
CP24091,Farid Nouri,Russia
CP24092,Peter Mansour,Turkey
CP24093,Reza Volkov,Syria
CP24094,Karim Lee,United States
CP24095,Mohammed Al Rashid,Iran
CP24096,Sara Haddad,India
CP24097,Karim Sokolov,India
CP24098,Wei Wilson,Russia
CP24099,Ahmed Sokolov,United Kingdom
CP24100,Ali Karimi,Syria
CP24101,Ali Sokolov,Syria
CP24102,Sergei Haddad,Mexico
CP24103,Sergei Wang,United Kingdom
CP24104,Wei Volkov,Canada
CP24105,Viktor Mansour,United States
CP24106,Anna Petrov,Russia
CP24107,Sara Lee,Belarus
CP24108,Hassan Karimi,India
CP24109,Karim Wang,Mexico
CP24110,Hassan Haddad,Nigeria
CP24111,Omar Wang,India
CP24112,Ali Lee,Iran
CP24113,Ali Ivanov,United Arab Emirates
CP24114,Nikolai Ivanov,Iran
CP24115,Yousef Hosseini,Nigeria
CP24116,Yousef Brown,United States
CP24117,Omar Petrov,Turkey
CP24118,Reza Volkov,Nigeria
CP24119,Jin Rahimi,Turkey
CP24120,Sergei Wilson,United Kingdom
CP24121,Hassan Wilson,Turkey
CP24122,Anna Al Rashid,India
CP24123,Omar Petrov,Mexico
CP24124,Yousef Haddad,Syria
CP24125,Peter Al Rashid,India
CP24126,Ali Mansour,Nigeria
CP24127,Sara Nouri,Russia
CP24128,Ahmed Rahimi,Mexico
CP24129,Viktor Nouri,Canada
CP24130,Mark Al Rashid,Belarus
CP24131,Omar Brown,Turkey
CP24132,Yousef Brown,Mexico
CP24133,Wei Khalil,Canada
CP24134,Ali Sokolov,Turkey
CP24135,Reza Smith,Iran
CP24136,Mohammed Khalil,United Kingdom
CP24137,Peter Petrov,Iran
CP24138,Wei Volkov,India
CP24139,Sara Wang,Canada
CP24140,Jin Khalil,Syria
CP24141,Ivan Al Rashid,Nigeria
CP24142,Hassan Brown,Iran
CP24143,John Sokolov,Belarus
CP24144,Hassan Rahimi,Russia
CP24145,Ali Sokolov,Russia
CP24146,Farid Smith,Nigeria
CP24147,Jin Nouri,United States
CP24148,Reza Smith,Syria
CP24149,Anna Haddad,United Arab Emirates
CP24150,Ahmed Wilson,Mexico
CP24151,Jin Ivanov,Syria
CP24152,Yousef Nouri,Belarus
CP24153,Yousef Zhang,Turkey
CP24154,Mark Petrov,United Arab Emirates
CP24155,Ivan Wang,Mexico
CP24156,Viktor Petrov,Belarus
CP24157,Mark Ivanov,United Arab Emirates
CP24158,Yousef Hosseini,Syria
CP24159,Ali Sokolov,Belarus
CP24160,Peter Zhang,Nigeria
CP24161,Anna Smith,Iran
CP24162,Omar Wang,Syria
CP24163,Viktor Karimi,India
CP24164,Reza Al Rashid,United States
CP24165,Viktor Ivanov,Belarus
CP24166,John Volkov,Iran
CP24167,Viktor Al Rashid,Belarus
CP24168,Ali Wilson,India
CP24169,Viktor Mansour,Iran
CP24170,Ahmed Khalil,Belarus
CP24171,Hassan Sokolov,Syria
CP24172,Nikolai Al Rashid,Mexico
CP24173,Wei Wilson,India
CP24174,Mohammed Volkov,Iran
CP24175,Sara Haddad,United States
CP24176,Samir Nouri,Canada
CP24177,Karim Ivanov,Belarus
CP24178,Sergei Mansour,Canada
CP24179,Jin Al Rashid,Syria
CP24180,Hassan Al Rashid,Mexico
CP24181,Anna Zhang,Belarus
CP24182,Viktor Mansour,United Kingdom
CP24183,Karim Karimi,Russia
CP24184,Ivan Haddad,Russia
CP24185,Peter Petrov,Russia
CP24186,Ali Sokolov,North Korea
CP24187,Wei Lee,Iran
CP24188,Nikolai Smith,United Kingdom
CP24189,Yousef Al Rashid,United Arab Emirates
CP24190,Reza Zhang,Canada
CP24191,Samir Karimi,Syria
CP24192,Ali Nouri,Syria
CP24193,Nikolai Al Rashid,Russia
CP24194,Hassan Sokolov,Nigeria
CP24195,Samir Petrov,Mexico
CP24196,Ali Sokolov,Mexico
CP24197,Sara Hosseini,Belarus
CP24198,Ivan Wang,Canada
CP24199,Sara Mansour,Russia
CP24200,Wei Smith,Iran
CP24201,Viktor Smith,Turkey
CP24202,Reza Volkov,Syria
CP24203,Omar Brown,United Arab Emirates
CP24204,Sergei Wilson,Turkey
CP24205,Jin Mansour,Canada
CP24206,Ali Nouri,Turkey
CP24207,Viktor Wilson,Iran
CP24208,Mark Karimi,India
CP24209,Peter Haddad,Canada
CP24210,Ahmed Mansour,Russia
CP24211,Viktor Sokolov,United Kingdom
CP24212,Reza Petrov,India
CP24213,Ivan Brown,Iran
CP24214,Karim Sokolov,United States
CP24215,Ivan Lee,Iran
CP24216,Hassan Ivanov,Iran
CP24217,Peter Haddad,Russia
CP24218,Ali Karimi,Mexico
CP24219,Hassan Volkov,Mexico
CP24220,Peter Lee,United Arab Emirates
CP24221,Ahmed Karimi,Nigeria
CP24222,Anna Sokolov,Belarus
CP24223,Mohammed Lee,United Kingdom
CP24224,Reza Smith,United Arab Emirates
CP24225,Ahmed Karimi,United Arab Emirates
CP24226,Ali Volkov,India
CP24227,John Volkov,India
CP24228,Wei Al Rashid,Belarus
CP24229,Ahmed Sokolov,Syria
CP24230,John Karimi,United Kingdom
CP24231,Anna Smith,United States
CP24232,Samir Sokolov,Syria
CP24233,Wei Wilson,Syria
CP24234,Reza Nouri,Russia
CP24235,Jin Lee,Turkey
CP24236,John Ivanov,Turkey
CP24237,Wei Lee,Iran
CP24238,Farid Volkov,Belarus
CP24239,Peter Nouri,United Kingdom
CP24240,Samir Rahimi,Iran
CP24241,John Smith,Mexico
CP24242,Sergei Volkov,United Arab Emirates
CP24243,Ivan Petrov,United Kingdom
CP24244,Omar Wilson,Iran
CP24245,Yousef Al Rashid,Iran
CP24246,Ahmed Volkov,Russia
CP24247,Sara Rahimi,Syria
CP24248,Hassan Khalil,United Kingdom
CP24249,Hassan Haddad,Belarus
CP24250,Mark Sokolov,United Kingdom
CP24251,John Haddad,Mexico
CP24252,Jin Ivanov,United Kingdom
CP24253,Ahmed Lee,India
CP24254,Hassan Al Rashid,Russia
CP24255,Nikolai Wilson,United Kingdom
CP24256,Yousef Smith,Canada
CP24257,Farid Khalil,Belarus
CP24258,Mohammed Ivanov,Iran
CP24259,Anna Wang,Turkey
CP24260,Wei Mansour,United Kingdom
CP24261,Viktor Zhang,Canada
CP24262,Ali Brown,Syria
CP24263,Ahmed Karimi,Canada
CP24264,Peter Volkov,United Arab Emirates
CP24265,Mark Karimi,Belarus
CP24266,Peter Nouri,Russia
CP24267,Yousef Smith,Belarus
CP24268,Sara Al Rashid,United Arab Emirates
CP24269,Reza Haddad,Turkey
CP24270,Nikolai Wilson,Mexico
CP24271,Jin Zhang,Iran
CP24272,Peter Haddad,Nigeria
CP24273,Viktor Ivanov,Russia
CP24274,Viktor Petrov,Nigeria
CP24275,Omar Smith,Turkey
CP24276,Jin Brown,Canada
CP24277,Sergei Brown,Turkey
CP24278,Ali Zhang,Canada
CP24279,Nikolai Nouri,Iran
CP24280,Viktor Haddad,India
CP24281,Mark Wilson,Iran
CP24282,Karim Nouri,United Arab Emirates
CP24283,Sergei Karimi,Canada
CP24284,Wei Khalil,Mexico
CP24285,Jin Zhang,India
CP24286,Sergei Hosseini,Russia
CP24287,Karim Mansour,Iran
CP24288,Mark Mansour,Mexico
CP24289,Farid Zhang,Syria
CP24290,Viktor Lee,Syria
CP24291,Yousef Al Rashid,Russia
CP24292,Samir Brown,Syria
CP24293,Peter Petrov,United Arab Emirates
CP24294,Ahmed Petrov,India
CP24295,Anna Wang,Syria
CP24296,Sergei Wilson,Turkey
CP24297,Omar Volkov,Iran
CP24298,Farid Al Rashid,Turkey
CP24299,John Haddad,Turkey
CP24300,Omar Wilson,United Arab Emirates
CP24301,Yousef Brown,Nigeria
CP24302,Viktor Hosseini,Russia
CP24303,Viktor Mansour,Nigeria
CP24304,Karim Lee,Russia
CP24305,Hassan Wilson,India
CP24306,Jin Rahimi,Russia
CP24307,Mohammed Volkov,United Kingdom
CP24308,Peter Wang,Belarus
CP24309,Samir Wilson,United States
CP24310,Ali Rahimi,India
CP24311,Jin Al Rashid,Mexico
CP24312,Mark Zhang,Iran
CP24313,John Nouri,Nigeria
CP24314,Reza Smith,Syria
CP24315,John Wang,Syria
CP24316,Samir Al Rashid,Russia
CP24317,Nikolai Ivanov,Belarus
CP24318,Wei Wang,Iran
CP24319,Peter Lee,Syria
CP24320,Samir Lee,Russia
CP24321,Nikolai Haddad,United States
CP24322,Peter Petrov,Belarus
CP24323,Mark Nouri,Syria
CP24324,Farid Sokolov,Russia
CP24325,Wei Hosseini,Iran
CP24326,Nikolai Hosseini,India
CP24327,Sara Petrov,Mexico
CP24328,Yousef Wilson,Canada
CP24329,Ali Ivanov,Canada
CP24330,Peter Rahimi,India
CP24331,Yousef Karimi,Russia
CP24332,Hassan Brown,Mexico
CP24333,Karim Khalil,Canada
CP24334,Sergei Lee,Canada
CP24335,Ali Ivanov,United Kingdom
CP24336,Peter Khalil,Canada
CP24337,Peter Khalil,Russia
CP24338,Sergei Smith,United Arab Emirates
CP24339,Mark Ivanov,India
CP24340,Anna Hosseini,Russia
CP24341,Jin Mansour,United States
CP24342,Ali Hosseini,Mexico
CP24343,Reza Rahimi,United Kingdom
CP24344,Viktor Hosseini,Mexico
CP24345,Anna Wang,Mexico
CP24346,John Volkov,Belarus
CP24347,Karim Zhang,India
CP24348,Yousef Rahimi,Iran
CP24349,Jin Khalil,United Kingdom
CP24350,Farid Volkov,United Kingdom
CP24351,Farid Rahimi,Canada
CP24352,Reza Ivanov,India
CP24353,Ahmed Rahimi,Russia
CP24354,John Nouri,Russia
CP24355,Anna Nouri,Turkey
CP24356,Sara Brown,Mexico
CP24357,Mohammed Zhang,Syria
CP24358,Ivan Wilson,United Arab Emirates
CP24359,Karim Nouri,Mexico
CP24360,Hassan Hosseini,Nigeria
CP24361,Karim Wang,Canada
CP24362,Sergei Wilson,Syria
CP24363,Ahmed Rahimi,Nigeria
CP24364,Sergei Nouri,Iran
CP24365,Ali Wang,Syria
CP24366,Nikolai Rahimi,Nigeria
CP24367,Sergei Ivanov,United Kingdom
CP24368,Nikolai Zhang,Nigeria
CP24369,Farid Petrov,United Arab Emirates
CP24370,Viktor Hosseini,Turkey
CP24371,Jin Petrov,United Arab Emirates
CP24372,Sergei Al Rashid,Belarus
CP24373,Omar Lee,Nigeria
CP24374,Yousef Brown,Nigeria
CP24375,Ali Wang,Russia
CP24376,Viktor Nouri,Canada
CP24377,Karim Brown,Turkey
CP24378,Ahmed Brown,India
CP24379,Ali Mansour,Syria
CP24380,Peter Zhang,United Arab Emirates
CP24381,Ivan Sokolov,Belarus
CP24382,Nikolai Petrov,Turkey
CP24383,Karim Volkov,India
CP24384,Sergei Wang,United Kingdom
CP24385,Ivan Smith,Russia
CP24386,John Wang,India
CP24387,Mohammed Petrov,Mexico
CP24388,Mark Al Rashid,Iran
CP24389,Yousef Wang,Iran
CP24390,Ahmed Haddad,Iran
CP24391,Yousef Hosseini,Turkey
CP24392,Farid Lee,Belarus
CP24393,Nikolai Sokolov,Russia
CP24394,Karim Sokolov,United States
CP24395,Nikolai Wilson,Iran
CP24396,Reza Sokolov,Syria
CP24397,Viktor Al Rashid,Russia
CP24398,Ali Volkov,India
CP24399,John Smith,United Kingdom
CP24400,Jin Ivanov,Mexico
CP24401,Ali Mansour,Mexico
CP24402,Wei Smith,India
CP24403,Samir Khalil,Canada
CP24404,Reza Wilson,Syria
CP24405,Sergei Al Rashid,United States
CP24406,Jin Khalil,Iran
CP24407,Jin Ivanov,Turkey
CP24408,Jin Mansour,Canada
CP24409,John Hosseini,Turkey
CP24410,Hassan Smith,Mexico
CP24411,Farid Petrov,Iran
CP24412,Yousef Mansour,United Kingdom
CP24413,Ahmed Nouri,United Arab Emirates
CP24414,Samir Khalil,United Kingdom
CP24415,Ali Volkov,United Arab Emirates
CP24416,John Lee,Turkey
CP24417,Ivan Haddad,India
CP24418,Karim Sokolov,India
CP24419,Anna Volkov,Turkey
CP24420,Jin Haddad,Canada
CP24421,Mark Wilson,United Kingdom
CP24422,Ahmed Volkov,United Kingdom
CP24423,Mohammed Al Rashid,United Arab Emirates
CP24424,Ahmed Smith,Russia
CP24425,Peter Brown,United States
CP24426,Anna Brown,Nigeria
CP24427,Sergei Khalil,Mexico
CP24428,Nikolai Nouri,Russia
CP24429,Ahmed Rahimi,United States
CP24430,Viktor Petrov,United States
CP24431,Samir Volkov,Iran
CP24432,Mohammed Khalil,Canada
CP24433,Karim Karimi,United States
CP24434,Mark Rahimi,Syria
CP24435,Viktor Lee,Syria
CP24436,Viktor Ivanov,Canada
CP24437,Omar Zhang,United Arab Emirates
CP24438,Farid Petrov,Canada
CP24439,Karim Karimi,Syria
CP24440,Mark Volkov,Nigeria
CP24441,Karim Brown,Syria
CP24442,Sergei Khalil,North Korea
CP24443,Ali Wang,United States
CP24444,John Al Rashid,Iran
CP24445,Ali Zhang,Iran
CP24446,Ahmed Sokolov,United States
CP24447,Omar Haddad,Nigeria
CP24448,Hassan Brown,Canada
CP24449,Sara Petrov,Mexico
CP24450,Ivan Volkov,Iran
CP24451,Mark Sokolov,Turkey
CP24452,Viktor Ivanov,United Arab Emirates
CP24453,Hassan Hosseini,United Kingdom
CP24454,Ali Volkov,Syria
CP24455,John Lee,Iran
CP24456,Karim Volkov,Iran
CP24457,Farid Wang,United States
CP24458,Yousef Al Rashid,Iran
CP24459,Reza Wang,Iran
CP24460,Reza Rahimi,Syria
CP24461,Jin Zhang,Nigeria
CP24462,Anna Mansour,United Arab Emirates
CP24463,Farid Haddad,Russia
CP24464,Mark Al Rashid,Mexico
CP24465,John Al Rashid,United Arab Emirates
CP24466,Sergei Khalil,India
CP24467,Karim Hosseini,Canada
CP24468,Jin Wilson,Mexico
CP24469,Mark Karimi,United Kingdom
CP24470,Peter Petrov,Syria
CP24471,Ahmed Nouri,Canada
CP24472,Sergei Smith,United Arab Emirates
CP24473,Jin Petrov,Nigeria
CP24474,Sergei Petrov,United Arab Emirates
CP24475,John Karimi,Canada
CP24476,Farid Petrov,Canada
CP24477,Jin Nouri,United States
CP24478,Sara Brown,Nigeria
CP24479,Farid Lee,Canada
CP24480,Mohammed Hosseini,Nigeria
CP24481,Anna Wang,United Kingdom
CP24482,John Sokolov,Mexico
CP24483,Ali Karimi,Russia
CP24484,Ahmed Karimi,Belarus
CP24485,Hassan Zhang,United Arab Emirates
CP24486,Hassan Smith,Belarus
CP24487,Ahmed Ivanov,Nigeria
CP24488,Omar Hosseini,Iran
CP24489,Ali Wang,Mexico
CP24490,John Zhang,India
CP24491,Samir Nouri,Turkey
CP24492,Wei Lee,Nigeria
CP24493,Omar Nouri,United Arab Emirates
CP24494,Sara Lee,Belarus
CP24495,Sara Haddad,India
CP24496,Farid Brown,Iran
CP24497,Samir Haddad,United Kingdom
CP24498,John Hosseini,Russia
CP24499,Reza Brown,Iran
CP24500,Mark Hosseini,Syria
CP24501,Jin Rahimi,Nigeria
CP24502,Jin Nouri,United States
CP24503,Reza Brown,United Kingdom
CP24504,Reza Brown,Nigeria
CP24505,Karim Wilson,Nigeria
CP24506,Omar Ivanov,India
CP24507,Hassan Khalil,Canada
CP24508,Yousef Lee,United Arab Emirates
CP24509,Wei Nouri,United Kingdom
CP24510,Hassan Rahimi,Nigeria
CP24511,Wei Petrov,Canada
CP24512,Peter Wilson,Mexico
CP24513,Anna Smith,United States
CP24514,Ali Mansour,Turkey
CP24515,Omar Mansour,Canada
CP24516,Wei Lee,Russia
CP24517,Sergei Smith,Belarus
CP24518,Ali Volkov,India
CP24519,Anna Sokolov,United Arab Emirates
CP24520,Sara Wilson,Nigeria
CP24521,Nikolai Brown,United Arab Emirates
CP24522,Anna Petrov,Turkey
CP24523,Wei Karimi,Belarus
CP24524,Jin Volkov,United Arab Emirates
CP24525,Ahmed Smith,United Kingdom
CP24526,Jin Khalil,India
CP24527,Hassan Brown,Syria
CP24528,Yousef Wilson,Canada
CP24529,Wei Karimi,Nigeria
CP24530,Hassan Wang,United Arab Emirates
CP24531,Samir Rahimi,United Arab Emirates
CP24532,Viktor Wilson,Russia
CP24533,Reza Ivanov,Russia
CP24534,Ivan Hosseini,Russia
CP24535,Reza Petrov,United Kingdom
CP24536,Sergei Khalil,Mexico
CP24537,Hassan Khalil,Iran
CP24538,Ali Haddad,Syria
CP24539,Ahmed Hosseini,India
CP24540,Anna Zhang,United States
CP24541,Samir Rahimi,United Kingdom
CP24542,Anna Wang,Belarus
CP24543,Mohammed Rahimi,Russia
CP24544,Peter Wang,Mexico
CP24545,Karim Petrov,United Kingdom
CP24546,Samir Wang,Syria
CP24547,Hassan Al Rashid,Russia
CP24548,Viktor Lee,United States
CP24549,Sara Nouri,Nigeria
CP24550,Mohammed Mansour,Iran
CP24551,Farid Zhang,Nigeria
CP24552,Sergei Khalil,Nigeria
CP24553,Hassan Ivanov,Nigeria
CP24554,Ivan Wang,United Kingdom
CP24555,Jin Wang,Mexico
CP24556,Mohammed Nouri,Russia
CP24557,Wei Wang,United Arab Emirates
CP24558,Mohammed Wang,Nigeria
CP24559,Karim Hosseini,Iran
CP24560,Karim Karimi,Syria
CP24561,Nikolai Zhang,Belarus
CP24562,Mohammed Wilson,Turkey
CP24563,Peter Al Rashid,Belarus
CP24564,Peter Petrov,Mexico
CP24565,Viktor Volkov,Mexico
CP24566,Wei Haddad,Mexico
CP24567,Yousef Haddad,United Arab Emirates
CP24568,Anna Haddad,Canada
CP24569,Yousef Rahimi,United Arab Emirates
CP24570,Yousef Wilson,United Arab Emirates
CP24571,Samir Mansour,Nigeria
CP24572,Samir Mansour,United States
CP24573,Samir Volkov,Canada
CP24574,Hassan Petrov,United States
CP24575,Anna Khalil,Nigeria
CP24576,Mark Khalil,United Kingdom
CP24577,Peter Lee,United Kingdom
CP24578,Mohammed Ivanov,India
CP24579,Peter Hosseini,United States
CP24580,Hassan Hosseini,Iran
CP24581,Ivan Zhang,United Kingdom
CP24582,Mark Petrov,United Kingdom
CP24583,Sara Lee,Belarus
CP24584,Anna Lee,United Arab Emirates
CP24585,Jin Wang,United States
CP24586,Anna Zhang,Russia
CP24587,Reza Volkov,Nigeria
CP24588,Ahmed Mansour,Nigeria
CP24589,Yousef Smith,Iran
CP24590,Karim Wilson,United States
CP24591,John Petrov,Russia
CP24592,Mark Hosseini,Syria
CP24593,Farid Khalil,Canada
CP24594,Viktor Al Rashid,Turkey
CP24595,Ivan Ivanov,United Kingdom
CP24596,Jin Ivanov,United Kingdom
CP24597,Mohammed Zhang,Canada
CP24598,Farid Sokolov,Syria
CP24599,Viktor Smith,Nigeria
CP24600,Samir Sokolov,United Kingdom
CP24601,Mohammed Wang,Turkey
CP24602,John Zhang,Nigeria
CP24603,Jin Lee,United Arab Emirates
CP24604,Jin Karimi,Canada
CP24605,Omar Karimi,Russia
CP24606,Reza Wang,India
CP24607,Anna Sokolov,Nigeria
CP24608,Samir Smith,United States
CP24609,Omar Wang,Russia
CP24610,Farid Zhang,United Kingdom
CP24611,Mohammed Mansour,Mexico
CP24612,Jin Sokolov,Iran
CP24613,Mohammed Wang,Canada
CP24614,Viktor Volkov,India
CP24615,Ali Volkov,United Arab Emirates
CP24616,Hassan Lee,Nigeria
CP24617,Farid Wilson,Iran
CP24618,Ivan Brown,United States
CP24619,Ivan Mansour,India
CP24620,Mohammed Al Rashid,Iran
CP24621,Viktor Hosseini,United States
CP24622,John Brown,Canada
CP24623,John Petrov,Canada
CP24624,Omar Nouri,United Arab Emirates
CP24625,Nikolai Al Rashid,India
CP24626,Karim Rahimi,Belarus
CP24627,Sergei Ivanov,United States
CP24628,Wei Smith,Syria
CP24629,Ahmed Haddad,Belarus
CP24630,Viktor Rahimi,Syria
CP24631,Viktor Mansour,India
CP24632,Anna Hosseini,Russia
CP24633,Nikolai Petrov,Mexico
CP24634,Omar Hosseini,Canada
CP24635,Viktor Wang,United Arab Emirates
CP24636,Hassan Rahimi,United States
CP24637,John Haddad,India
CP24638,Jin Volkov,Belarus
CP24639,Sara Ivanov,India
CP24640,Hassan Sokolov,United States
CP24641,Hassan Zhang,Syria
CP24642,Nikolai Lee,Belarus
CP24643,Farid Smith,Nigeria
CP24644,Farid Smith,Nigeria
CP24645,Ahmed Brown,United Kingdom
CP24646,Mark Nouri,Mexico
CP24647,Mark Petrov,Russia
CP24648,Mohammed Wang,Turkey
CP24649,Samir Brown,Turkey
CP24650,Farid Lee,Turkey
CP24651,Peter Volkov,Nigeria
CP24652,Omar Khalil,Canada
CP24653,Ahmed Nouri,Russia
CP24654,Ali Wang,Belarus
CP24655,Ali Petrov,United Kingdom
CP24656,Omar Khalil,United Arab Emirates
CP24657,Sara Wilson,Belarus
CP24658,Wei Wilson,Canada
CP24659,Samir Haddad,Mexico
CP24660,Anna Ivanov,United Arab Emirates
CP24661,Wei Mansour,United Arab Emirates
CP24662,Yousef Wang,Syria
CP24663,Farid Lee,Turkey
CP24664,Sara Wang,Russia
CP24665,Viktor Wilson,Turkey
CP24666,Karim Khalil,Belarus
CP24667,Reza Khalil,Nigeria
CP24668,Hassan Wang,Russia
CP24669,Mark Karimi,Russia
CP24670,Hassan Al Rashid,United Kingdom
CP24671,Peter Mansour,United Arab Emirates
CP24672,Ahmed Sokolov,Belarus
CP24673,Hassan Haddad,Syria
CP24674,Jin Hosseini,United States
CP24675,Yousef Rahimi,Mexico
CP24676,Wei Wilson,Turkey
CP24677,Nikolai Haddad,Belarus
CP24678,Karim Zhang,Russia
CP24679,Peter Rahimi,United Kingdom
CP24680,Jin Sokolov,United Kingdom
CP24681,Sara Khalil,United Kingdom
CP24682,Reza Sokolov,Syria
CP24683,Jin Wang,Russia
CP24684,Yousef Haddad,Turkey
CP24685,Wei Volkov,Belarus
CP24686,Sergei Brown,Turkey
CP24687,Yousef Khalil,Belarus
CP24688,Omar Khalil,Turkey
CP24689,Omar Wilson,Turkey
CP24690,Peter Wang,Canada
CP24691,Jin Smith,Belarus
CP24692,Nikolai Nouri,Canada
CP24693,Ahmed Wilson,Mexico
CP24694,Peter Volkov,Canada
CP24695,Mark Volkov,United Arab Emirates
CP24696,Peter Volkov,Belarus
CP24697,Anna Karimi,United States
CP24698,Farid Petrov,United Kingdom
CP24699,Omar Zhang,Mexico
CP24700,Ahmed Zhang,Mexico
CP24701,Mohammed Smith,India
CP24702,Anna Lee,Mexico
CP24703,Sergei Ivanov,Syria
CP24704,Ahmed Al Rashid,India
CP24705,Peter Petrov,Turkey
CP24706,John Karimi,Turkey
CP24707,Sara Rahimi,Canada
CP24708,John Zhang,Mexico
CP24709,Karim Khalil,Turkey
CP24710,Reza Karimi,Turkey
CP24711,Samir Wilson,Turkey
CP24712,Mohammed Nouri,Canada
CP24713,Samir Ivanov,United States
CP24714,Ivan Mansour,Syria
CP24715,Peter Ivanov,Turkey
CP24716,Ahmed Brown,United Arab Emirates
CP24717,Mohammed Sokolov,Syria
CP24718,Hassan Nouri,Russia
CP24719,Ali Karimi,Nigeria
CP24720,Peter Mansour,United Kingdom
CP24721,Wei Volkov,United States
CP24722,Ali Ivanov,Iran
CP24723,Peter Sokolov,Nigeria
CP24724,Mark Wilson,United Kingdom
CP24725,Reza Haddad,Russia
CP24726,Wei Sokolov,Turkey
CP24727,Wei Wilson,Belarus
CP24728,Peter Lee,United States
CP24729,Viktor Wilson,Canada
CP24730,Farid Lee,Nigeria
CP24731,Sergei Brown,Iran
CP24732,Reza Khalil,Russia
CP24733,John Wang,India
CP24734,Reza Wilson,Syria
CP24735,Mark Nouri,Nigeria
CP24736,Viktor Smith,Nigeria
CP24737,Wei Al Rashid,Russia
CP24738,Sara Rahimi,United States
CP24739,Anna Sokolov,India
CP24740,Ali Mansour,Syria
CP24741,Viktor Khalil,United States
CP24742,Viktor Brown,Canada
CP24743,Omar Smith,Turkey
CP24744,Sara Wang,Turkey
CP24745,Mark Hosseini,Belarus
CP24746,Karim Lee,Belarus
CP24747,Reza Karimi,Iran
CP24748,Sara Mansour,Belarus
CP24749,Sergei Hosseini,Turkey
CP24750,Viktor Nouri,United States
CP24751,Viktor Hosseini,United States
CP24752,Sergei Petrov,India
CP24753,Sara Mansour,Canada
CP24754,Omar Sokolov,United Kingdom
CP24755,Peter Khalil,India
CP24756,Karim Hosseini,Turkey
CP24757,Hassan Hosseini,Nigeria
CP24758,Farid Karimi,Russia
CP24759,Ali Volkov,United Arab Emirates
CP24760,Sara Sokolov,Syria
CP24761,Omar Brown,United Arab Emirates
CP24762,Sara Rahimi,Belarus
CP24763,Peter Hosseini,India
CP24764,Yousef Khalil,India
CP24765,Ivan Volkov,Syria
CP24766,Mohammed Al Rashid,Iran
CP24767,Wei Khalil,Turkey
CP24768,Jin Haddad,Nigeria
CP24769,Peter Zhang,Belarus
CP24770,Ahmed Khalil,India
CP24771,Ivan Wilson,Nigeria
CP24772,Omar Smith,United Kingdom
CP24773,Mohammed Khalil,India
CP24774,Peter Lee,Mexico
CP24775,Nikolai Wilson,Canada
CP24776,Anna Lee,Canada
CP24777,Nikolai Zhang,India
CP24778,Karim Zhang,Syria
CP24779,Ali Volkov,Syria
CP24780,Karim Lee,Canada
CP24781,Samir Haddad,Nigeria
CP24782,Yousef Nouri,Nigeria
CP24783,Peter Wang,Turkey
CP24784,Karim Mansour,India
CP24785,Omar Petrov,Syria
CP24786,Samir Zhang,Nigeria
CP24787,Ivan Karimi,Mexico
CP24788,Sara Lee,Canada
CP24789,John Wang,United Arab Emirates
CP24790,Anna Hosseini,India
CP24791,Ali Hosseini,Russia
CP24792,Peter Karimi,Canada
CP24793,Nikolai Lee,Syria
CP24794,Karim Nouri,Turkey
CP24795,Omar Petrov,Iran
CP24796,Peter Karimi,Russia
CP24797,Karim Ivanov,Belarus
CP24798,Viktor Zhang,United Kingdom
CP24799,Yousef Wilson,United Arab Emirates
CP24800,Sergei Smith,India
CP24801,Nikolai Smith,Iran
CP24802,Farid Wang,United Kingdom
CP24803,Reza Mansour,Iran
CP24804,Karim Volkov,United Kingdom
CP24805,Hassan Hosseini,Canada
CP24806,Omar Nouri,Nigeria
CP24807,Sara Petrov,India
CP24808,Viktor Karimi,Syria
CP24809,Ivan Hosseini,Mexico
CP24810,Samir Ivanov,Mexico
CP24811,Peter Haddad,Iran
CP24812,Mohammed Petrov,Nigeria
CP24813,Ahmed Zhang,Mexico
CP24814,Sara Mansour,Nigeria
CP24815,Ivan Nouri,Belarus
CP24816,Wei Khalil,Nigeria
CP24817,John Ivanov,United States
CP24818,Sergei Smith,United Kingdom
CP24819,Yousef Karimi,United Kingdom
CP24820,Ivan Petrov,Iran
CP24821,Sergei Petrov,India
CP24822,Ahmed Sokolov,United States
CP24823,Sergei Karimi,United Arab Emirates
CP24824,Viktor Wang,Syria
CP24825,John Lee,Iran
CP24826,Viktor Zhang,Canada
CP24827,Mohammed Wang,Nigeria
CP24828,Ali Petrov,India
CP24829,Omar Nouri,Canada
CP24830,Ivan Nouri,Nigeria
CP24831,Jin Lee,Iran
CP24832,Ahmed Smith,India
CP24833,Yousef Wang,United Arab Emirates
CP24834,Omar Smith,Canada
CP24835,Wei Smith,Mexico
CP24836,Samir Brown,Belarus
CP24837,John Khalil,Canada
CP24838,Karim Zhang,Nigeria
CP24839,Karim Hosseini,Iran
CP24840,Peter Wilson,Belarus
CP24841,Ali Wilson,Nigeria
CP24842,Viktor Brown,Belarus
CP24843,Sara Ivanov,Belarus
CP24844,Mohammed Zhang,Syria
CP24845,Samir Lee,United States
CP24846,Samir Mansour,Syria
CP24847,Nikolai Ivanov,Iran
CP24848,Anna Smith,Russia
CP24849,Ivan Ivanov,Syria
CP24850,Hassan Rahimi,United Kingdom
CP24851,Anna Smith,Mexico
CP24852,Farid Rahimi,Belarus
CP24853,John Karimi,United Arab Emirates
CP24854,Nikolai Sokolov,United States
CP24855,Jin Wilson,Mexico
CP24856,Anna Zhang,Canada
CP24857,Jin Khalil,Nigeria
CP24858,John Wang,United States
CP24859,Samir Hosseini,Russia
CP24860,Ivan Al Rashid,Mexico
CP24861,Yousef Wilson,Syria
CP24862,Omar Karimi,United Kingdom
CP24863,Viktor Wilson,India
CP24864,Anna Karimi,India
CP24865,Wei Mansour,United States
CP24866,Mohammed Wilson,United Arab Emirates
CP24867,Sara Lee,United Arab Emirates
CP24868,Reza Mansour,Mexico
CP24869,Reza Sokolov,Belarus
CP24870,Ahmed Wang,Nigeria
CP24871,Hassan Nouri,United Kingdom
CP24872,John Hosseini,India
CP24873,Viktor Nouri,Canada
CP24874,Farid Khalil,Nigeria
CP24875,Viktor Ivanov,Turkey
CP24876,Sara Volkov,Russia
CP24877,Wei Sokolov,United Arab Emirates
CP24878,Mohammed Brown,Mexico
CP24879,Hassan Petrov,Nigeria
CP24880,Anna Haddad,Syria
CP24881,Farid Smith,Iran
CP24882,Sergei Volkov,Iran
CP24883,Anna Karimi,Nigeria
CP24884,Wei Hosseini,United Arab Emirates
CP24885,John Sokolov,United Kingdom
CP24886,Ivan Karimi,India
CP24887,John Karimi,Nigeria
CP24888,Anna Wang,Mexico
CP24889,Yousef Hosseini,Belarus
CP24890,Peter Lee,United Arab Emirates
CP24891,Hassan Al Rashid,India
CP24892,Sergei Al Rashid,Canada
CP24893,Yousef Ivanov,Nigeria
CP24894,Karim Brown,India
CP24895,Yousef Zhang,United Arab Emirates
CP24896,Anna Haddad,Syria
CP24897,Nikolai Ivanov,Belarus
CP24898,Jin Hosseini,Russia
CP24899,Samir Wilson,Belarus
CP24900,Nikolai Brown,Belarus
CP24901,Mohammed Smith,India
CP24902,Ivan Hosseini,India
CP24903,Peter Sokolov,Russia
CP24904,Karim Volkov,North Korea
CP24905,Wei Ivanov,Mexico
CP24906,Samir Brown,Syria
CP24907,Viktor Zhang,Turkey
CP24908,Peter Wang,Nigeria
CP24909,Mohammed Khalil,India
CP24910,Mohammed Mansour,Syria
CP24911,Samir Sokolov,United Kingdom
CP24912,Reza Al Rashid,Syria
CP24913,Peter Wilson,Nigeria
CP24914,Ahmed Brown,Mexico
CP24915,Anna Haddad,Nigeria
CP24916,Karim Zhang,Turkey
CP24917,Anna Zhang,Belarus
CP24918,Mohammed Wang,United States
CP24919,Ivan Volkov,North Korea
CP24920,Hassan Hosseini,Russia
CP24921,Yousef Wang,North Korea
CP24922,Samir Hosseini,Mexico
CP24923,Sergei Al Rashid,Canada
CP24924,Samir Sokolov,Russia
CP24925,Farid Nouri,United Arab Emirates
CP24926,Ahmed Al Rashid,Russia
CP24927,Samir Rahimi,Russia
CP24928,Sara Petrov,Syria
CP24929,Ivan Mansour,Canada
CP24930,Sara Lee,Turkey
CP24931,John Ivanov,Turkey
CP24932,Yousef Al Rashid,United Arab Emirates
CP24933,Ali Wang,India
CP24934,Viktor Al Rashid,Iran
CP24935,Hassan Al Rashid,Belarus
CP24936,Yousef Wang,United Arab Emirates
CP24937,Peter Mansour,India
CP24938,Anna Khalil,United Arab Emirates
CP24939,Karim Zhang,Syria
CP24940,Anna Rahimi,Turkey
CP24941,Anna Haddad,United Arab Emirates
CP24942,Anna Nouri,Turkey
CP24943,Farid Mansour,United Kingdom
CP24944,John Smith,United Kingdom
CP24945,Peter Haddad,Nigeria
CP24946,Anna Al Rashid,Iran
CP24947,Ali Ivanov,United States
CP24948,Ahmed Zhang,North Korea
CP24949,Yousef Lee,Russia
CP24950,Mohammed Haddad,Iran
CP24951,Ivan Lee,United Kingdom
CP24952,Anna Smith,United Kingdom
CP24953,Hassan Rahimi,Russia
CP24954,Nikolai Al-Rashid,Iran
CP24955,Sergei Al Rashid,Nigeria
CP24956,Ali Smith,Turkey
CP24957,Sara Haddad,Mexico
CP24958,Ivan Wang,United Arab Emirates
CP24959,Sergei Nouri,United Arab Emirates
CP24960,Hassan Karimi,Canada
CP24961,Omar Nouri,India
CP24962,Mohammed Karimi,Canada
CP24963,Sergei Nouri,United States
CP24964,Samir Brown,Iran
CP24965,Mohammed Haddad,Belarus
CP24966,Viktor Ivanov,Russia
CP24967,Reza Mansour,Syria
CP24968,Nikolai Haddad,Russia
CP24969,Ahmed Khalil,Belarus
CP24970,Mark Khalil,United Arab Emirates
CP24971,Hassan Mansour,Mexico
CP24972,Anna Ivanov,Iran
CP24973,Karim Mansour,Iran
CP24974,Jin Brown,United States
CP24975,John Petrov,Turkey
CP24976,Omar Ivanov,Mexico
CP24977,Sara Karimi,Nigeria
CP24978,Yousef Zhang,Syria
CP24979,Jin Brown,United States
CP24980,Jin Zhang,Iran
CP24981,Sergei Wilson,Syria
CP24982,Ivan Karimi,Belarus
CP24983,Sara Khalil,Canada
CP24984,Mark Sokolov,Turkey
CP24985,Sergei Nouri,Mexico
CP24986,Nikolai Wilson,Nigeria
CP24987,Jin Mansour,Nigeria
CP24988,Farid Karimi,Nigeria
CP24989,John Karimi,Canada
CP24990,Sara Wilson,India
CP24991,Mohammed Ivanov,Turkey
CP24992,Ahmed Wang,Canada
CP24993,Mark Lee,United Arab Emirates
CP24994,Yousef Hosseini,North Korea
CP24995,Ali Wilson,Canada
CP24996,Farid Wang,United Arab Emirates
CP24997,Ali Wilson,Canada
CP24998,Jin Rahimi,Mexico
CP24999,Sergei Khalil,Mexico
CP25000,John Haddad,Belarus
CP25001,Karim Al Rashid,Belarus
CP25002,Peter Smith,India
CP25003,Sara Lee,United Kingdom
CP25004,Sara Rahimi,Russia
CP25005,Sergei Wilson,Belarus
CP25006,Anna Zhang,Russia
CP25007,Reza Hosseini,Iran
CP25008,Reza Lee,Turkey
CP25009,Ali Nouri,Belarus
CP25010,John Sokolov,Canada
CP25011,Ahmed Hosseini,Russia
CP25012,Anna Wang,Mexico
CP25013,Viktor Karimi,Mexico
CP25014,Wei Ivanov,Russia
CP25015,Farid Wilson,Belarus
CP25016,John Wang,Mexico
CP25017,Omar Haddad,Mexico
CP25018,Wei Brown,United Arab Emirates
CP25019,Omar Rahimi,Syria
CP25020,Reza Karimi,Syria
CP25021,Ali Haddad,Canada
CP25022,Yousef Mansour,Belarus
CP25023,Karim Brown,Turkey
CP25024,Sara Smith,Nigeria
CP25025,Nikolai Hosseini,Syria
CP25026,Karim Mansour,United States
CP25027,Hassan Ivanov,India
CP25028,Nikolai Smith,United States
CP25029,Hassan Wilson,United Arab Emirates
CP25030,Omar Rahimi,Mexico
CP25031,Sergei Haddad,Turkey
CP25032,Sergei Ivanov,Iran
CP25033,Yousef Karimi,Russia
CP25034,Mohammed Volkov,Syria
CP25035,Anna Sokolov,Iran
CP25036,Nikolai Karimi,Canada
CP25037,Mohammed Haddad,Russia
CP25038,Hassan Rahimi,Syria
CP25039,Omar Haddad,Syria
CP25040,Mohammed Rahimi,Russia
CP25041,Ahmed Karimi,Iran
CP25042,Ali Rahimi,Mexico
CP25043,John Karimi,Russia
CP25044,Omar Wang,United Kingdom
CP25045,Viktor Hosseini,Iran
CP25046,Ivan Smith,United States
CP25047,Ahmed Ivanov,United Kingdom
CP25048,Mark Volkov,Turkey
CP25049,Sara Nouri,Mexico
CP25050,Viktor Sokolov,Syria
CP25051,Viktor Karimi,Nigeria
CP25052,Ahmed Haddad,United Kingdom
CP25053,Peter Volkov,United Arab Emirates
CP25054,Samir Al Rashid,United Kingdom
CP25055,Ahmed Khalil,Canada
CP25056,John Brown,Mexico
CP25057,Peter Lee,Mexico
CP25058,Farid Petrov,India
CP25059,John Karimi,United Arab Emirates
CP25060,Farid Mansour,Turkey
CP25061,Peter Zhang,United States
CP25062,Reza Wang,Iran
CP25063,Wei Nouri,Mexico
CP25064,Peter Al Rashid,Turkey
CP25065,Sergei Ivanov,Nigeria
CP25066,Mohammed Khalil,Nigeria
CP25067,Hassan Brown,United States
CP25068,Mohammed Brown,United States
CP25069,Hassan Karimi,United States
CP25070,Nikolai Wang,United Arab Emirates
CP25071,Karim Rahimi,Nigeria
CP25072,Omar Al Rashid,Syria
CP25073,Viktor Khalil,Russia
CP25074,Omar Al Rashid,Nigeria
CP25075,Reza Hosseini,India
CP25076,Hassan Khalil,India
CP25077,Jin Nouri,India
CP25078,Anna Brown,Mexico
CP25079,Omar Karimi,United States
CP25080,Mark Wilson,Syria
CP25081,Ali Haddad,Syria
CP25082,Mark Mansour,United Arab Emirates
CP25083,Mark Wang,United States
CP25084,Viktor Hosseini,United Arab Emirates
CP25085,Nikolai Mansour,Canada
CP25086,Sergei Zhang,Nigeria
CP25087,Reza Volkov,Russia
CP25088,Reza Smith,United Arab Emirates
CP25089,Reza Sokolov,United Kingdom
CP25090,Wei Karimi,Canada
CP25091,Sara Smith,Nigeria
CP25092,John Brown,Turkey
CP25093,Sara Smith,Turkey
CP25094,Sergei Wilson,United Kingdom
CP25095,Mohammed Al Rashid,India
CP25096,Ahmed Mansour,Iran
CP25097,Mohammed Lee,Russia
CP25098,Mohammed Al Rashid,Russia
CP25099,Ivan Wilson,Iran
CP25100,Nikolai Ivanov,Belarus
CP25101,Jin Petrov,Russia
CP25102,John Ivanov,United Kingdom
CP25103,Hassan Al Rashid,United Kingdom
CP25104,Jin Al Rashid,Mexico
CP25105,Wei Hosseini,Syria
CP25106,Farid Rahimi,Canada
CP25107,Reza Rahimi,Iran
CP25108,John Smith,Nigeria
CP25109,Nikolai Nouri,Syria
CP25110,Hassan Wang,United States
CP25111,Ivan Volkov,Iran
CP25112,Nikolai Nouri,Mexico
CP25113,Karim Brown,Canada
CP25114,Karim Al Rashid,Iran
CP25115,Anna Zhang,Iran
CP25116,Ahmed Haddad,Syria
CP25117,Yousef Petrov,United States
CP25118,Wei Rahimi,Russia
CP25119,Sergei Karimi,Turkey
CP25120,Nikolai Petrov,United States
CP25121,Mark Sokolov,Turkey
CP25122,Jin Wilson,United Arab Emirates
CP25123,Karim Smith,Iran
CP25124,Peter Petrov,Turkey
CP25125,Ali Sokolov,Mexico
CP25126,Sergei Wilson,Mexico
CP25127,Mark Ivanov,India
CP25128,Reza Wilson,United Kingdom
CP25129,Nikolai Sokolov,Belarus
CP25130,Mohammed Zhang,United Kingdom
CP25131,Nikolai Haddad,Syria
CP25132,Karim Lee,Iran
CP25133,Hassan Khalil,United States
CP25134,Ivan Sokolov,Russia
CP25135,Ivan Al Rashid,Mexico
CP25136,Jin Rahimi,United States
CP25137,Wei Wang,Iran
CP25138,Peter Karimi,United Arab Emirates
CP25139,Mohammed Volkov,Mexico
CP25140,Nikolai Ivanov,India
CP25141,Mohammed Brown,United Arab Emirates
CP25142,Wei Mansour,Canada
CP25143,Ali Ivanov,Syria
CP25144,Jin Mansour,United States
CP25145,Peter Rahimi,India
CP25146,Ivan Volkov,Belarus
CP25147,Reza Karimi,India
CP25148,Anna Rahimi,Canada
CP25149,Farid Rahimi,Syria
CP25150,Anna Petrov,Nigeria
CP25151,Hassan Hosseini,Russia
CP25152,Farid Mansour,Iran
CP25153,Yousef Volkov,Russia
CP25154,Ali Zhang,Canada
CP25155,Anna Rahimi,Nigeria
CP25156,Mark Haddad,United Arab Emirates
CP25157,Karim Mansour,India
CP25158,Hassan Brown,United Arab Emirates
CP25159,Viktor Wang,Russia
CP25160,Omar Al Rashid,India
CP25161,Ahmed Rahimi,Iran
CP25162,Hassan Brown,Russia
CP25163,Omar Hosseini,Canada
CP25164,Wei Haddad,Syria
CP25165,Mohammed Zhang,Iran
CP25166,Ahmed Haddad,Syria
CP25167,Sara Smith,United Kingdom
CP25168,Jin Wilson,United Kingdom
CP25169,Reza Hosseini,Canada
CP25170,Ahmed Karimi,Syria
CP25171,Reza Volkov,United Kingdom
CP25172,Ivan Al Rashid,Russia
CP25173,Mark Mansour,Turkey
CP25174,Farid Zhang,Turkey
CP25175,Reza Brown,United States
CP25176,Mark Volkov,Belarus
CP25177,Mark Petrov,Turkey
CP25178,Anna Nouri,Mexico
CP25179,Mohammed Hosseini,Nigeria
CP25180,Farid Hosseini,Russia
CP25181,Anna Rahimi,Mexico
CP25182,Omar Hosseini,United Kingdom
CP25183,Wei Lee,Mexico
CP25184,John Mansour,United Kingdom
CP25185,Karim Ivanov,Iran
CP25186,Ivan Mansour,Nigeria
CP25187,Sergei Al Rashid,United Kingdom
CP25188,Peter Rahimi,United Kingdom
CP25189,Mohammed Ivanov,Belarus
CP25190,Mark Brown,Russia
CP25191,Wei Al Rashid,Mexico
CP25192,Omar Wang,Canada
CP25193,Reza Sokolov,United Arab Emirates
CP25194,Ali Mansour,India
CP25195,Mohammed Petrov,Nigeria
CP25196,Wei Ivanov,Syria
CP25197,Mark Petrov,Belarus
CP25198,Nikolai Zhang,United Arab Emirates
CP25199,John Zhang,Belarus
CP25200,Viktor Mansour,Syria
CP25201,Reza Al Rashid,India
CP25202,Farid Volkov,Russia
CP25203,Hassan Sokolov,Iran
CP25204,Yousef Haddad,Nigeria
CP25205,Peter Wilson,Belarus
CP25206,Peter Haddad,Iran
CP25207,Sergei Volkov,United Arab Emirates
CP25208,Jin Haddad,Turkey
CP25209,John Rahimi,Syria
CP25210,Sara Khalil,Russia
CP25211,Anna Karimi,United States
CP25212,Viktor Hosseini,United Arab Emirates
CP25213,Omar Lee,Canada
CP25214,Omar Haddad,Nigeria
CP25215,Samir Khalil,Mexico
CP25216,Ali Lee,Belarus
CP25217,Mark Petrov,Canada
CP25218,John Sokolov,Turkey
CP25219,Jin Lee,Turkey
CP25220,John Al Rashid,United Kingdom
CP25221,Samir Wilson,Syria
CP25222,Ali Sokolov,Russia
CP25223,Samir Rahimi,United States
CP25224,Mohammed Khalil,United States
CP25225,Peter Zhang,United Kingdom
CP25226,Karim Karimi,United Arab Emirates
CP25227,Yousef Karimi,Syria
CP25228,Omar Hosseini,Belarus
CP25229,Samir Al Rashid,Belarus
CP25230,Ali Khalil,Mexico
CP25231,Mohammed Mansour,United Arab Emirates
CP25232,Sara Nouri,Russia
CP25233,Ali Nouri,India
CP25234,Peter Al Rashid,Syria
CP25235,Samir Lee,Turkey
CP25236,Anna Lee,Turkey
CP25237,Viktor Wilson,United Kingdom
CP25238,Anna Brown,Russia
CP25239,Reza Sokolov,Canada
CP25240,Reza Zhang,United Kingdom
CP25241,Nikolai Rahimi,Iran
CP25242,Peter Zhang,United States
CP25243,Wei Rahimi,Nigeria
CP25244,John Zhang,United Arab Emirates
CP25245,Hassan Petrov,Iran
CP25246,John Al Rashid,Syria
CP25247,Reza Haddad,Syria
CP25248,Ali Nouri,Canada
CP25249,Nikolai Lee,Canada
CP25250,Ali Petrov,Russia
CP25251,Sergei Ivanov,Nigeria
CP25252,Viktor Khalil,Iran
CP25253,Ivan Ivanov,United Arab Emirates
CP25254,John Sokolov,Russia
CP25255,Mark Mansour,Syria
CP25256,Farid Nouri,India
CP25257,Hassan Zhang,Canada
CP25258,Karim Rahimi,Russia
CP25259,Reza Khalil,United Kingdom
CP25260,Karim Wilson,India
CP25261,Peter Mansour,United States
CP25262,Karim Wilson,Nigeria
CP25263,Omar Ivanov,Iran
CP25264,Samir Mansour,India
CP25265,Karim Wilson,United States
CP25266,Wei Brown,United Kingdom
CP25267,Karim Brown,Turkey
CP25268,Mark Wilson,Nigeria
CP25269,John Sokolov,Russia
CP25270,Reza Mansour,Mexico
CP25271,Wei Volkov,Nigeria
CP25272,Sara Volkov,Belarus
CP25273,Viktor Wilson,Belarus
CP25274,Jin Hosseini,United States
CP25275,Sergei Wang,Syria
CP25276,Sergei Karimi,Belarus
CP25277,Hassan Haddad,Nigeria
CP25278,Karim Karimi,India
CP25279,Ahmed Smith,Syria
CP25280,Wei Al Rashid,Belarus
CP25281,Peter Ivanov,Nigeria
CP25282,Peter Volkov,Iran
CP25283,John Karimi,India
CP25284,Jin Rahimi,United Arab Emirates
CP25285,Samir Haddad,United States
CP25286,Ivan Lee,Mexico
CP25287,Yousef Smith,United States
CP25288,Karim Al Rashid,Mexico
CP25289,Mark Rahimi,Russia
CP25290,Reza Karimi,Iran
CP25291,Farid Sokolov,Canada
CP25292,Farid Ivanov,Nigeria
CP25293,Ali Wilson,United Arab Emirates
CP25294,Karim Petrov,Nigeria
CP25295,Mohammed Mansour,Syria
CP25296,Karim Al Rashid,Russia
CP25297,Samir Sokolov,United Kingdom
CP25298,Ali Rahimi,Belarus
CP25299,Ivan Al Rashid,United States
CP25300,Farid Smith,Turkey
CP25301,Ivan Nouri,Turkey
CP25302,Ali Sokolov,Turkey
CP25303,Mark Khalil,India
CP25304,Nikolai Lee,Russia
CP25305,Anna Nouri,Turkey
CP25306,Wei Nouri,United Kingdom
CP25307,Nikolai Lee,Syria
CP25308,Anna Brown,Russia
CP25309,John Al Rashid,Belarus
CP25310,Wei Ivanov,Turkey
CP25311,Mohammed Khalil,Turkey
CP25312,Ivan Khalil,Nigeria
CP25313,Omar Hosseini,Syria
CP25314,Yousef Karimi,Iran
CP25315,Anna Sokolov,Turkey
CP25316,Reza Karimi,Russia
CP25317,Ivan Sokolov,United Kingdom
CP25318,Sara Smith,Syria
CP25319,Mohammed Zhang,Canada
CP25320,Mark Ivanov,Mexico
CP25321,Yousef Brown,Canada
CP25322,Wei Wang,Nigeria
CP25323,Anna Brown,Belarus
CP25324,Karim Smith,Syria
CP25325,Jin Hosseini,United Arab Emirates
CP25326,Ali Brown,Canada
CP25327,Sergei Ivanov,United Arab Emirates
CP25328,Mark Al Rashid,Syria
CP25329,Viktor Mansour,Nigeria
CP25330,Viktor Ivanov,Nigeria
CP25331,Samir Rahimi,Belarus
CP25332,Karim Smith,United Arab Emirates
CP25333,Reza Karimi,Iran
CP25334,Peter Volkov,Nigeria
CP25335,Ivan Sokolov,Russia
CP25336,Reza Rahimi,Canada
CP25337,Mohammed Ivanov,Syria
CP25338,Sara Nouri,Belarus
CP25339,Wei Volkov,Iran
CP25340,Mark Karimi,Syria
CP25341,Mohammed Khalil,Turkey
CP25342,Karim Karimi,Turkey
CP25343,John Sokolov,United States
CP25344,Yousef Karimi,United States
CP25345,Sergei Zhang,Nigeria
CP25346,Omar Lee,Turkey
CP25347,Hassan Wang,Syria
CP25348,Samir Wang,United States
CP25349,Ivan Rahimi,Mexico
CP25350,Mohammed Haddad,Turkey
CP25351,Karim Karimi,Syria
CP25352,Wei Smith,Belarus
CP25353,Yousef Lee,United States
CP25354,Peter Nouri,United Arab Emirates
CP25355,Omar Mansour,Canada
CP25356,Ahmed Nouri,Iran
CP25357,Nikolai Rahimi,United Kingdom
CP25358,Jin Mansour,Iran
CP25359,Sergei Volkov,United Arab Emirates
CP25360,Jin Wang,Belarus
CP25361,Peter Rahimi,Syria
CP25362,Omar Mansour,United Kingdom
CP25363,Karim Zhang,Canada
CP25364,Yousef Volkov,Syria
CP25365,Ahmed Karimi,Russia
CP25366,Ivan Wilson,Nigeria
CP25367,Sergei Khalil,Canada
CP25368,Ivan Lee,Nigeria
CP25369,Anna Nouri,Russia
CP25370,Samir Petrov,Syria
CP25371,Viktor Nouri,United States
CP25372,Anna Rahimi,Belarus
CP25373,Nikolai Wilson,Iran
CP25374,Mohammed Haddad,Syria
CP25375,Reza Sokolov,United States
CP25376,Sara Rahimi,India
CP25377,Samir Volkov,United Arab Emirates
CP25378,Viktor Mansour,Mexico
CP25379,Yousef Volkov,United Arab Emirates
CP25380,Omar Nouri,Belarus
CP25381,Samir Nouri,Canada
CP25382,Mohammed Wilson,Turkey
CP25383,John Karimi,United States
CP25384,Anna Rahimi,Turkey
CP25385,Wei Mansour,Canada
CP25386,Wei Smith,United States
CP25387,Anna Smith,Mexico
CP25388,Yousef Ivanov,Turkey
CP25389,Wei Smith,United Arab Emirates
CP25390,Ali Zhang,Mexico
CP25391,Viktor Smith,Canada
CP25392,Mohammed Sokolov,Turkey
CP25393,Wei Petrov,Russia
CP25394,Viktor Nouri,Belarus
CP25395,Yousef Brown,Mexico
CP25396,Sara Khalil,Mexico
CP25397,Karim Wilson,Russia
CP25398,Samir Volkov,Canada
CP25399,Samir Hosseini,Nigeria
CP25400,Yousef Haddad,Nigeria
CP25401,Mark Volkov,United States
CP25402,John Hosseini,Canada
CP25403,Ali Smith,Russia
CP25404,Hassan Haddad,Syria
CP25405,Samir Wang,Iran
CP25406,Reza Rahimi,Nigeria
CP25407,Jin Brown,United States
CP25408,Sara Volkov,United States
CP25409,Mark Mansour,India
CP25410,Peter Petrov,Iran
CP25411,Nikolai Rahimi,Syria
CP25412,Viktor Petrov,Turkey
CP25413,Omar Volkov,Nigeria
CP25414,Anna Lee,Mexico
CP25415,Ahmed Wang,United States
CP25416,Ahmed Rahimi,Nigeria
CP25417,Ahmed Sokolov,United Kingdom
CP25418,Ali Haddad,Belarus
CP25419,Peter Al Rashid,Syria
CP25420,Ahmed Karimi,Canada
CP25421,Ali Smith,United States
CP25422,Samir Petrov,United Arab Emirates
CP25423,Viktor Haddad,Canada
CP25424,Reza Nouri,Russia
CP25425,Sergei Karimi,India
CP25426,Mohammed Zhang,Mexico
CP25427,Jin Karimi,India
CP25428,Mark Nouri,Canada
CP25429,Yousef Khalil,Canada
CP25430,Nikolai Mansour,Turkey
CP25431,John Mansour,Belarus
CP25432,Sergei Petrov,Belarus
CP25433,Mohammed Hosseini,India
CP25434,Mohammed Rahimi,United States
CP25435,Nikolai Smith,United Arab Emirates
CP25436,Karim Petrov,Belarus
CP25437,Peter Petrov,Canada
CP25438,Anna Brown,India
CP25439,John Brown,United Kingdom
CP25440,Yousef Khalil,United Kingdom
CP25441,Hassan Rahimi,Russia
CP25442,Mark Wilson,Nigeria
CP25443,Yousef Haddad,Iran
CP25444,Samir Hosseini,United Arab Emirates
CP25445,Farid Karimi,United Kingdom
CP25446,Jin Nouri,United Arab Emirates
CP25447,Farid Karimi,Syria
CP25448,Mohammed Al Rashid,Syria
CP25449,Karim Karimi,United Arab Emirates
CP25450,Ivan Ivanov,Syria
CP25451,Hassan Zhang,Canada
CP25452,Wei Rahimi,United Kingdom
CP25453,Peter Rahimi,United Kingdom
CP25454,Ali Petrov,India
CP25455,Wei Nouri,Belarus
CP25456,Jin Rahimi,Canada
CP25457,Ivan Petrov,Canada
CP25458,Nikolai Smith,Iran
CP25459,Sara Mansour,Syria
CP25460,Ali Brown,Iran
CP25461,Mohammed Al Rashid,Iran
CP25462,Sara Wang,India
CP25463,Ali Mansour,United Kingdom
CP25464,Karim Ivanov,Mexico
CP25465,Karim Sokolov,India
CP25466,Ahmed Wang,Mexico
CP25467,Yousef Khalil,United Kingdom
CP25468,Mohammed Rahimi,Mexico
CP25469,Peter Mansour,India
CP25470,Farid Ivanov,Mexico
CP25471,Viktor Wang,United States
CP25472,Ahmed Khalil,United States
CP25473,Viktor Khalil,India
CP25474,Ahmed Volkov,Canada
CP25475,Karim Wilson,Mexico
CP25476,Anna Wang,Canada
CP25477,Wei Volkov,Iran
CP25478,John Zhang,United States
CP25479,Samir Khalil,Syria
CP25480,Sara Zhang,United States
CP25481,Peter Hosseini,Turkey
CP25482,Peter Khalil,Turkey
CP25483,Nikolai Sokolov,United Arab Emirates
CP25484,Mark Zhang,Mexico
CP25485,Karim Sokolov,Russia
CP25486,Karim Nouri,Canada
CP25487,Peter Volkov,Canada
CP25488,Yousef Karimi,United Kingdom
CP25489,Anna Petrov,Nigeria
CP25490,Anna Rahimi,Belarus
CP25491,Samir Brown,Turkey
CP25492,John Wang,Russia
CP25493,Anna Wang,Belarus
CP25494,Omar Brown,Belarus
CP25495,Sergei Brown,India
CP25496,Sara Wilson,United Arab Emirates
CP25497,Sara Karimi,Mexico
CP25498,Samir Khalil,Russia
CP25499,Anna Wang,Syria
CP25500,Mark Brown,United Arab Emirates
CP25501,Wei Rahimi,Mexico
CP25502,Hassan Petrov,United Kingdom
CP25503,Nikolai Zhang,United Arab Emirates
CP25504,Peter Wang,Mexico
CP25505,Samir Al Rashid,Syria
CP25506,Viktor Al Rashid,Nigeria
CP25507,Ivan Petrov,Belarus
CP25508,Sergei Rahimi,United States
CP25509,Sara Hosseini,Russia
CP25510,Nikolai Brown,United Kingdom
CP25511,Ali Mansour,Canada
CP25512,Sara Wilson,United Arab Emirates
CP25513,Sergei Al Rashid,United Kingdom
CP25514,Karim Ivanov,Turkey
CP25515,Farid Brown,Syria
CP25516,Wei Nouri,India
CP25517,Ahmed Al Rashid,Canada
CP25518,Ahmed Zhang,Turkey
CP25519,Farid Al Rashid,United Arab Emirates
CP25520,Sergei Ivanov,Canada
CP25521,Hassan Mansour,United Arab Emirates
CP25522,Wei Khalil,United States
CP25523,Ivan Karimi,Belarus
CP25524,Viktor Brown,Nigeria
CP25525,Anna Rahimi,Turkey
CP25526,Yousef Al Rashid,Belarus
CP25527,Farid Smith,Russia
CP25528,Peter Al Rashid,Syria
CP25529,Anna Volkov,United Arab Emirates
CP25530,Viktor Petrov,Nigeria
CP25531,Hassan Brown,Syria
CP25532,Mohammed Sokolov,United Arab Emirates
CP25533,Mark Wilson,Russia
CP25534,Samir Ivanov,Canada
CP25535,Ali Hosseini,Russia
CP25536,Karim Brown,Russia
CP25537,Mark Wilson,United Arab Emirates
CP25538,Mohammed Volkov,Iran
CP25539,Nikolai Rahimi,Iran
CP25540,Yousef Ivanov,Russia
CP25541,Peter Volkov,Russia
CP25542,Sara Khalil,India
CP25543,Yousef Hosseini,Canada
CP25544,Jin Al Rashid,Iran
CP25545,Ali Sokolov,North Korea
CP25546,Mohammed Al Rashid,Nigeria
CP25547,Nikolai Hosseini,Mexico
CP25548,Samir Wang,India
CP25549,Reza Hosseini,Russia
CP25550,Nikolai Brown,United Arab Emirates
CP25551,Samir Lee,Mexico
CP25552,Hassan Lee,Iran
CP25553,Anna Hosseini,Russia
CP25554,Sara Haddad,Canada
CP25555,Mark Haddad,Syria
CP25556,Mohammed Petrov,Iran
CP25557,Karim Sokolov,United States
CP25558,John Mansour,United States
CP25559,Hassan Wang,United Kingdom
CP25560,Wei Lee,Belarus
CP25561,Samir Lee,Canada
CP25562,Ali Zhang,Belarus
CP25563,Wei Wilson,Russia
CP25564,Wei Wilson,Iran
CP25565,Samir Ivanov,Russia
CP25566,Ahmed Khalil,Iran
CP25567,John Nouri,Nigeria
CP25568,Farid Volkov,Canada
CP25569,Reza Mansour,Turkey
CP25570,John Lee,Nigeria
CP25571,Yousef Zhang,Canada
CP25572,Farid Brown,Russia
CP25573,Peter Wilson,Russia
CP25574,Ali Nouri,Turkey
CP25575,Sergei Khalil,Mexico
CP25576,Wei Hosseini,United Kingdom
CP25577,Sara Sokolov,Belarus
CP25578,Viktor Volkov,Mexico
CP25579,Mark Khalil,Canada
CP25580,Ali Rahimi,Nigeria
CP25581,Wei Haddad,Syria
CP25582,Viktor Wilson,Mexico
CP25583,Viktor Sokolov,Turkey
CP25584,Mark Rahimi,Turkey
CP25585,Ivan Sokolov,Nigeria
CP25586,Nikolai Lee,Canada
CP25587,Hassan Ivanov,Turkey
CP25588,Ali Lee,Turkey
CP25589,Viktor Karimi,United Kingdom
CP25590,Anna Wilson,Nigeria
CP25591,John Khalil,Belarus
CP25592,Ahmed Ivanov,Belarus
CP25593,Jin Haddad,United Arab Emirates
CP25594,John Smith,Iran
CP25595,Reza Hosseini,United Arab Emirates
CP25596,Samir Petrov,Iran
CP25597,Anna Volkov,United Kingdom
CP25598,Omar Smith,Turkey
CP25599,Omar Al Rashid,United Kingdom
CP25600,Mark Wilson,Nigeria
CP25601,Sergei Brown,Mexico
CP25602,Ahmed Volkov,Nigeria
CP25603,Anna Volkov,United Arab Emirates
CP25604,Yousef Wang,United Arab Emirates
CP25605,Mohammed Haddad,United Kingdom
CP25606,Nikolai Sokolov,United States
CP25607,Reza Wang,Syria
CP25608,Reza Hosseini,United Kingdom
CP25609,Mohammed Ivanov,Mexico
CP25610,Mohammed Mansour,Iran
CP25611,Wei Karimi,United States
CP25612,Viktor Mansour,Turkey
CP25613,John Wilson,Canada
CP25614,Karim Al Rashid,Mexico
CP25615,Farid Haddad,Syria
CP25616,Mohammed Lee,United Arab Emirates
CP25617,Omar Sokolov,Syria
CP25618,Hassan Wang,Iran
CP25619,Sergei Lee,Russia
CP25620,Samir Zhang,Canada
CP25621,John Lee,Syria
CP25622,Wei Al Rashid,Belarus
CP25623,Nikolai Nouri,Belarus
CP25624,Anna Haddad,United States
CP25625,Peter Smith,United Kingdom
CP25626,Ivan Volkov,United States
CP25627,Sara Khalil,Mexico
CP25628,Hassan Al Rashid,Turkey
CP25629,Ali Petrov,United Arab Emirates
CP25630,John Petrov,Nigeria
CP25631,Hassan Zhang,Belarus
CP25632,John Haddad,Belarus
CP25633,Reza Petrov,United States
CP25634,Ali Karimi,Nigeria
CP25635,Sara Zhang,Iran
CP25636,Reza Wilson,Nigeria
CP25637,Reza Khalil,India
CP25638,Nikolai Brown,Nigeria
CP25639,Sergei Nouri,India
CP25640,Sergei Sokolov,Iran
CP25641,Ivan Mansour,Iran
CP25642,Reza Nouri,Syria
CP25643,Hassan Ivanov,Nigeria
CP25644,Ivan Al Rashid,United Kingdom
CP25645,Viktor Sokolov,Canada
CP25646,Ali Rahimi,Syria
CP25647,Ivan Lee,Syria
CP25648,Yousef Lee,Russia
CP25649,Viktor Volkov,Canada
CP25650,Samir Nouri,Canada
CP25651,Ivan Khalil,Syria
CP25652,Yousef Haddad,Turkey
CP25653,Wei Al Rashid,Turkey
CP25654,Jin Lee,Nigeria
CP25655,Ahmed Mansour,Russia
CP25656,Mohammed Haddad,Belarus
CP25657,Mohammed Smith,Iran
CP25658,Samir Karimi,Russia
CP25659,Wei Nouri,India
CP25660,Karim Rahimi,United States
CP25661,Peter Wilson,United Arab Emirates
CP25662,Farid Haddad,Russia
CP25663,Omar Hosseini,United States
CP25664,Ivan Rahimi,Turkey
CP25665,Mohammed Karimi,Canada
CP25666,Nikolai Al-Rashid,Iran
CP25667,Anna Mansour,United Arab Emirates
CP25668,Viktor Sokolov,Iran
CP25669,Karim Hosseini,Nigeria
CP25670,Anna Wilson,Belarus
CP25671,Viktor Mansour,Canada
CP25672,Samir Volkov,Canada
CP25673,John Hosseini,United Arab Emirates
CP25674,Mohammed Wilson,United Kingdom
CP25675,Anna Brown,Canada
CP25676,Viktor Khalil,United Kingdom
CP25677,Yousef Sokolov,Turkey
CP25678,Yousef Rahimi,Canada
CP25679,Jin Rahimi,Iran
CP25680,Mark Lee,India
CP25681,Mohamed Sokolov,North Korea
CP25682,Sara Rahimi,Canada
CP25683,Peter Sokolov,Turkey
CP25684,Samir Mansour,Canada
CP25685,Mohammed Ivanov,Mexico
CP25686,Yousef Sokolov,Turkey
CP25687,Mark Ivanov,United States
CP25688,Hassan Zhang,Mexico
CP25689,Mark Karimi,Mexico
CP25690,Ivan Karimi,Russia
CP25691,Samir Lee,India
CP25692,Ali Wang,Nigeria
CP25693,Reza Al Rashid,Iran
CP25694,Karim Zhang,Mexico
CP25695,Farid Karimi,United Arab Emirates
CP25696,Sara Wilson,Mexico
CP25697,Mark Rahimi,United States
CP25698,Ahmed Petrov,Russia
CP25699,Hassan Sokolov,United Arab Emirates
CP25700,Ali Brown,Canada
CP25701,Ahmed Zhang,United Arab Emirates
CP25702,Mohammed Wilson,Iran
CP25703,Omar Lee,Turkey
CP25704,Jin Haddad,Syria
CP25705,Hassan Karimi,Syria
CP25706,Hassan Zhang,Syria
CP25707,Omar Mansour,Belarus
CP25708,Omar Lee,Russia
CP25709,John Smith,Turkey
CP25710,Anna Wilson,United Kingdom
CP25711,Peter Rahimi,United Arab Emirates
CP25712,John Ivanov,Syria
CP25713,John Brown,United States
CP25714,Jin Khalil,United Kingdom
CP25715,Viktor Khalil,Russia
CP25716,Mark Smith,United Arab Emirates
CP25717,John Wang,India
CP25718,Jin Smith,Russia
CP25719,Jin Petrov,United States
CP25720,Mohammed Rahimi,Belarus
CP25721,Ali Brown,United States
CP25722,Karim Smith,Turkey
CP25723,Mark Nouri,Canada
CP25724,Reza Karimi,Russia
CP25725,Sergei Lee,India
CP25726,Ivan Rahimi,Iran
CP25727,Hassan Zhang,Russia
CP25728,Wei Wang,Belarus
CP25729,Hassan Al Rashid,United Arab Emirates
CP25730,Anna Haddad,United States
CP25731,Sara Mansour,United Kingdom
CP25732,Farid Smith,United States
CP25733,Sara Ivanov,Syria
CP25734,Ivan Volkov,Turkey
CP25735,Farid Haddad,Turkey
CP25736,Mohammed Wilson,United Kingdom
CP25737,Sara Khalil,Syria
CP25738,Peter Lee,Iran
CP25739,Peter Khalil,Belarus
CP25740,Mohammed Lee,United States
CP25741,Mohammed Smith,Mexico
CP25742,Ali Wang,Russia
CP25743,Viktor Nouri,Iran
CP25744,Omar Lee,Belarus
CP25745,Sergei Wilson,Iran
CP25746,Yousef Petrov,United States
CP25747,Ivan Nouri,Russia
CP25748,Ali Haddad,United States
CP25749,Mohammed Petrov,Turkey
CP25750,Mark Sokolov,Mexico
CP25751,Farid Al Rashid,United Arab Emirates
CP25752,Omar Rahimi,Iran
CP25753,Ahmed Ivanov,Nigeria
CP25754,Sergei Wilson,United Arab Emirates
CP25755,John Al Rashid,Nigeria
CP25756,Hassan Al Rashid,Russia
CP25757,Mohammed Nouri,United States
CP25758,Omar Sokolov,India
CP25759,Ahmed Zhang,United States
CP25760,Mark Karimi,United Kingdom
CP25761,Viktor Karimi,Iran
CP25762,Peter Ivanov,Nigeria
CP25763,Samir Volkov,India
CP25764,Ivan Hosseini,Syria
CP25765,Sara Lee,Turkey
CP25766,Samir Lee,United States
CP25767,Anna Petrov,Canada
CP25768,Jin Zhang,India
CP25769,Reza Ivanov,United Kingdom
CP25770,Ali Rahimi,United States
CP25771,Ahmed Lee,United States
CP25772,Wei Smith,Nigeria
CP25773,Samir Rahimi,Turkey
CP25774,Mohammed Smith,Belarus
CP25775,Mark Smith,Iran
CP25776,Karim Wang,Turkey
CP25777,Karim Zhang,Mexico
CP25778,Omar Haddad,Nigeria
CP25779,Ahmed Al Rashid,India
CP25780,Sergei Lee,Nigeria
CP25781,Omar Karimi,United States
CP25782,Samir Brown,Syria
CP25783,Omar Khalil,United Kingdom
CP25784,Wei Al Rashid,Syria
CP25785,Mark Sokolov,Belarus
CP25786,Anna Lee,Turkey
CP25787,Samir Lee,Turkey
CP25788,Samir Khalil,Canada
CP25789,Omar Brown,United States
CP25790,Reza Al Rashid,United Arab Emirates
CP25791,Ahmed Zhang,United Arab Emirates
CP25792,Reza Wilson,Russia
CP25793,Ahmed Wilson,United States
CP25794,Reza Lee,Mexico
CP25795,Reza Lee,Iran
CP25796,Omar Zhang,Russia
CP25797,Karim Zhang,United Arab Emirates
CP25798,Farid Hosseini,Syria
CP25799,Wei Lee,Mexico
CP25800,Ali Petrov,Belarus
CP25801,Sergei Mansour,India
CP25802,Samir Lee,Syria
CP25803,John Nouri,Canada
CP25804,John Wang,Iran
CP25805,Samir Petrov,Turkey
CP25806,Peter Volkov,Mexico
CP25807,Reza Sokolov,United Kingdom
CP25808,Ali Ivanov,Russia
CP25809,Peter Nouri,Russia
CP25810,Peter Lee,Canada
CP25811,Ali Smith,Syria
CP25812,John Volkov,United Arab Emirates
CP25813,Sara Lee,Belarus
CP25814,Reza Petrov,United Arab Emirates
CP25815,Mohammed Smith,Belarus
CP25816,Sara Hosseini,United Arab Emirates
CP25817,Samir Lee,Belarus
CP25818,Jin Rahimi,Canada
CP25819,Nikolai Karimi,United Kingdom
CP25820,Omar Hosseini,United Arab Emirates
CP25821,Ahmed Zhang,United Kingdom
CP25822,Samir Mansour,United Kingdom
CP25823,Nikolai Zhang,Iran
CP25824,Viktor Volkov,Belarus
CP25825,Peter Zhang,Belarus
CP25826,Jin Ivanov,Syria
CP25827,Viktor Hosseini,United Arab Emirates
CP25828,Ivan Wilson,Belarus
CP25829,Omar Haddad,Belarus
CP25830,Anna Brown,Canada
CP25831,Anna Smith,Syria
CP25832,Wei Mansour,Turkey
CP25833,Yousef Haddad,Mexico
CP25834,Jin Petrov,Russia
CP25835,Nikolai Brown,Mexico
CP25836,Yousef Wilson,United Kingdom
CP25837,Ahmed Smith,Turkey
CP25838,Mark Mansour,Turkey
CP25839,John Volkov,United States
CP25840,Ahmed Ivanov,Iran
CP25841,Samir Brown,Turkey
CP25842,Farid Sokolov,United States
CP25843,Nikolai Smith,Mexico
CP25844,Peter Mansour,Canada
CP25845,Ivan Haddad,United Kingdom
CP25846,Yousef Wang,Nigeria
CP25847,Mark Zhang,Iran
CP25848,Viktor Hosseini,Nigeria
CP25849,Farid Karimi,Belarus
CP25850,Viktor Sokolov,Turkey
CP25851,Karim Rahimi,India
CP25852,Samir Sokolov,United Kingdom
CP25853,Hassan Sokolov,United States
CP25854,Ali Khalil,Turkey
CP25855,John Volkov,United Arab Emirates
CP25856,Sara Mansour,Belarus
CP25857,Sara Sokolov,Turkey
CP25858,Anna Sokolov,India
CP25859,John Zhang,Nigeria
CP25860,Karim Wilson,United Arab Emirates
CP25861,Karim Hosseini,Mexico
CP25862,Ivan Petrov,Syria
CP25863,Mark Hosseini,Russia
CP25864,Ivan Rahimi,India
CP25865,Viktor Mansour,Mexico
CP25866,Wei Al-Rashid,Belarus
CP25867,Hassan Karimi,United States
CP25868,Mark Volkov,Russia
CP25869,Sara Volkov,United Arab Emirates
CP25870,Anna Petrov,Nigeria
CP25871,Nikolai Volkov,Iran
CP25872,Mark Petrov,Turkey
CP25873,Mark Wilson,India
CP25874,Mohammed Hosseini,India
CP25875,Omar Hosseini,Mexico
CP25876,Ivan Sokolov,Belarus
CP25877,Farid Karimi,United States
CP25878,Jin Smith,Mexico
CP25879,Reza Sokolov,United Arab Emirates
CP25880,Yousef Wilson,United States
CP25881,Ahmed Wilson,Syria
CP25882,Ivan Khalil,United Kingdom
CP25883,Ivan Smith,United Arab Emirates
CP25884,Mohammed Haddad,Belarus
CP25885,Viktor Smith,United Arab Emirates
CP25886,John Petrov,Mexico
CP25887,Samir Nouri,United Kingdom
CP25888,Anna Al Rashid,Mexico
CP25889,Sara Al Rashid,Nigeria
CP25890,Sergei Khalil,Canada
CP25891,Peter Sokolov,India
CP25892,Samir Smith,Syria
CP25893,Samir Lee,Iran
CP25894,Mohammed Karimi,United Arab Emirates
CP25895,Farid Al Rashid,United Kingdom
CP25896,Ahmed Volkov,Nigeria
CP25897,Ahmed Wilson,United Kingdom
CP25898,Mark Petrov,Mexico
CP25899,Mohammed Mansour,Mexico
CP25900,Karim Wang,United Kingdom
CP25901,Karim Sokolov,United Kingdom
CP25902,Wei Rahimi,United Kingdom
CP25903,Viktor Karimi,Belarus
CP25904,John Wilson,United Arab Emirates
CP25905,Samir Wilson,Turkey
CP25906,Omar Sokolov,Russia
CP25907,Omar Wang,Canada
CP25908,Hassan Al Rashid,Russia
CP25909,Jin Ivanov,United Kingdom
CP25910,John Wang,United States
CP25911,Peter Khalil,United States
CP25912,Reza Ivanov,Canada
CP25913,Mark Smith,Belarus
CP25914,Samir Hosseini,United Arab Emirates
CP25915,Ivan Petrov,Canada
CP25916,Ivan Karimi,United Kingdom
CP25917,Mark Petrov,Turkey
CP25918,Mark Ivanov,Russia
CP25919,John Smith,Canada
CP25920,Mohammed Sokolov,Syria
CP25921,Yousef Haddad,United Kingdom
CP25922,Ali Nouri,Mexico
CP25923,Mohammed Rahimi,Nigeria
CP25924,Sergei Rahimi,United Kingdom
CP25925,Sara Rahimi,United States
CP25926,Omar Karimi,Mexico
CP25927,Reza Volkov,Canada
CP25928,Hassan Rahimi,United States
CP25929,Karim Nouri,Turkey
CP25930,Viktor Lee,Iran
CP25931,Jin Haddad,United Arab Emirates
CP25932,Hassan Haddad,Iran
CP25933,Wei Smith,Nigeria
CP25934,Anna Khalil,Iran
CP25935,Ahmed Haddad,India
CP25936,Peter Lee,United States
CP25937,John Zhang,Mexico
CP25938,Hassan Volkov,Nigeria
CP25939,Peter Karimi,Canada
CP25940,Ali Karimi,India
CP25941,Ivan Haddad,United Kingdom
CP25942,Ahmed Mansour,Syria
CP25943,Viktor Rahimi,Belarus
CP25944,Viktor Nouri,United Kingdom
CP25945,Sergei Wilson,Canada
CP25946,Ivan Khalil,Belarus
CP25947,Omar Hosseini,Canada
CP25948,Peter Sokolov,India
CP25949,Sara Petrov,Russia
CP25950,Sara Wang,Russia
CP25951,Anna Al Rashid,Turkey
CP25952,Ahmed Wang,Russia
CP25953,John Volkov,Syria
CP25954,Ahmed Rahimi,Canada
CP25955,Hassan Wilson,Russia
CP25956,Wei Wilson,Nigeria
CP25957,Anna Wang,Mexico
CP25958,Anna Lee,Turkey
CP25959,Mark Wilson,Nigeria
CP25960,Ahmed Nouri,Syria
CP25961,Peter Rahimi,India
CP25962,Sergei Brown,Turkey
CP25963,Yousef Lee,Mexico
CP25964,Hassan Smith,Belarus
CP25965,John Smith,Canada
CP25966,Viktor Brown,India
CP25967,Sergei Wilson,United Kingdom
CP25968,Ali Smith,Canada
CP25969,Viktor Mansour,Turkey
CP25970,Sara Sokolov,United Arab Emirates
CP25971,Nikolai Wilson,Russia
CP25972,Mark Brown,Mexico
CP25973,Sara Wang,Nigeria
CP25974,Reza Haddad,Iran
CP25975,Reza Mansour,India
CP25976,Mark Haddad,Iran
CP25977,Karim Zhang,United Kingdom
CP25978,John Al Rashid,United States
CP25979,Omar Rahimi,Russia
CP25980,Nikolai Sokolov,United States
CP25981,Karim Sokolov,Turkey
CP25982,Sara Petrov,Belarus
CP25983,Jin Petrov,India
CP25984,Viktor Hosseini,Mexico
CP25985,Nikolai Khalil,Canada
CP25986,Sergei Karimi,India
CP25987,Mohammed Brown,Iran
CP25988,Peter Petrov,Canada
CP25989,Farid Mansour,United States
CP25990,Sergei Al Rashid,Russia
CP25991,Reza Nouri,United States
CP25992,Mark Zhang,Nigeria
CP25993,Jin Petrov,United States
CP25994,Omar Smith,Canada
CP25995,Jin Haddad,Nigeria
CP25996,Mohammed Rahimi,India
CP25997,Nikolai Hosseini,Turkey
CP25998,Jin Nouri,Iran
CP25999,Sara Petrov,Russia
CP26000,Sergei Haddad,United Arab Emirates
CP26001,Karim Khalil,Russia
CP26002,Ali Smith,Russia
CP26003,Omar Lee,India
CP26004,Ivan Smith,United States
CP26005,Ivan Zhang,North Korea
CP26006,Sara Zhang,Belarus
CP26007,Mohammed Rahimi,India
CP26008,Samir Ivanov,Russia
CP26009,Karim Wilson,United Arab Emirates
CP26010,Jin Rahimi,Canada
CP26011,Peter Nouri,Turkey
CP26012,Farid Khalil,Syria
CP26013,Ahmed Karimi,Turkey
CP26014,Peter Hosseini,Nigeria
CP26015,Anna Karimi,United States
CP26016,Viktor Rahimi,Syria
CP26017,Ali Nouri,Mexico
CP26018,Samir Zhang,India
CP26019,Farid Karimi,Mexico
CP26020,Peter Brown,United Kingdom
CP26021,Viktor Nouri,Russia
CP26022,Karim Mansour,Canada
CP26023,Nikolai Petrov,United Kingdom
CP26024,Hassan Khalil,Russia
CP26025,Mark Smith,India
CP26026,Viktor Karimi,Iran
CP26027,Peter Petrov,Iran
CP26028,Sergei Haddad,Mexico
CP26029,Sergei Khalil,United Arab Emirates
CP26030,Anna Hosseini,Turkey
CP26031,John Nouri,Russia
CP26032,Wei Wang,United States
CP26033,Nikolai Brown,Iran
CP26034,Karim Hosseini,Mexico
CP26035,Sergei Rahimi,Russia
CP26036,Anna Khalil,United Arab Emirates
CP26037,Ahmed Rahimi,Syria
CP26038,Omar Wang,India
CP26039,Viktor Khalil,United Arab Emirates
CP26040,Sergei Sokolov,Turkey
CP26041,Jin Brown,United Arab Emirates
CP26042,Samir Zhang,Belarus
CP26043,Farid Ivanov,Belarus
CP26044,Sergei Haddad,United States
CP26045,Viktor Wang,Turkey
CP26046,Anna Rahimi,Canada
CP26047,Mohammed Mansour,Syria
CP26048,Karim Rahimi,Nigeria
CP26049,John Mansour,Canada
CP26050,Wei Hosseini,Iran
CP26051,Omar Zhang,Canada
CP26052,Yousef Zhang,Canada
CP26053,Samir Hosseini,United Arab Emirates
CP26054,Ahmed Brown,Nigeria
CP26055,Ali Zhang,Belarus
CP26056,Anna Volkov,Iran
CP26057,Hassan Karimi,Belarus
CP26058,Mark Ivanov,Iran
CP26059,Reza Al Rashid,United Arab Emirates
CP26060,Wei Karimi,Canada
CP26061,Ivan Nouri,United Arab Emirates
CP26062,Sergei Haddad,United Arab Emirates
CP26063,John Sokolov,India
CP26064,Reza Hosseini,Mexico
CP26065,Farid Wilson,Canada
CP26066,Farid Wilson,Turkey
CP26067,Karim Hosseini,Russia
CP26068,Reza Petrov,Nigeria
CP26069,Hassan Wang,Canada
CP26070,Wei Brown,Russia
CP26071,Omar Mansour,United States
CP26072,Peter Brown,Nigeria
CP26073,Ali Lee,Iran
CP26074,Ahmed Hosseini,United States
CP26075,Jin Wang,United States
CP26076,Sergei Brown,Turkey
CP26077,Karim Hosseini,Canada
CP26078,Farid Volkov,United Kingdom
CP26079,Ahmed Al Rashid,Mexico
CP26080,Viktor Nouri,Syria
CP26081,Karim Petrov,Belarus
CP26082,Omar Khalil,Nigeria
CP26083,Mark Haddad,United States
CP26084,Omar Lee,Canada
CP26085,Mohammed Zhang,United Arab Emirates
CP26086,Ahmed Hosseini,United Arab Emirates
CP26087,Ivan Karimi,Syria
CP26088,Wei Al Rashid,North Korea
CP26089,Ahmed Wilson,Russia
CP26090,Sergei Wilson,Russia
CP26091,Yousef Ivanov,Canada
CP26092,Sara Brown,Nigeria
CP26093,Viktor Brown,United States
CP26094,Ahmed Petrov,United Kingdom
CP26095,Anna Sokolov,Syria
CP26096,Viktor Sokolov,Nigeria
CP26097,Ivan Rahimi,Russia
CP26098,Omar Khalil,United States
CP26099,Karim Mansour,Iran
CP26100,Ivan Zhang,Belarus
CP26101,Anna Al Rashid,United Kingdom
CP26102,Peter Smith,Mexico
CP26103,John Al Rashid,Syria
CP26104,Peter Mansour,Syria
CP26105,Mohammed Karimi,Syria
CP26106,Yousef Karimi,Nigeria
CP26107,Hassan Sokolov,India
CP26108,Reza Hosseini,Turkey
CP26109,Yousef Zhang,Iran
CP26110,Nikolai Brown,Russia
CP26111,Mark Zhang,Syria
CP26112,Viktor Zhang,Nigeria
CP26113,Yousef Zhang,United Arab Emirates
CP26114,Sergei Haddad,Nigeria
CP26115,Peter Al Rashid,Mexico
CP26116,Hassan Brown,United Arab Emirates
CP26117,Farid Nouri,India
CP26118,Yousef Sokolov,Syria
CP26119,Hassan Karimi,United Arab Emirates
CP26120,Ali Wilson,Russia
CP26121,Karim Sokolov,India
CP26122,Anna Sokolov,United Arab Emirates
CP26123,Karim Ivanov,United Arab Emirates
CP26124,Viktor Lee,United Kingdom
CP26125,Yousef Petrov,Belarus
CP26126,Yousef Smith,Canada
CP26127,Yousef Sokolov,Turkey
CP26128,Sergei Lee,Turkey
CP26129,Samir Nouri,United Arab Emirates
CP26130,Hassan Ivanov,Canada
CP26131,Omar Volkov,Belarus
CP26132,Sara Ivanov,Mexico
CP26133,Karim Wilson,United States
CP26134,Viktor Volkov,United Kingdom
CP26135,Ahmed Karimi,United Kingdom
CP26136,Jin Karimi,India
CP26137,Hassan Smith,Russia
CP26138,Anna Petrov,United States
CP26139,Nikolai Zhang,United States
CP26140,Reza Volkov,Iran
CP26141,Peter Mansour,Russia
CP26142,Hassan Nouri,Mexico
CP26143,Viktor Mansour,Mexico
CP26144,Jin Rahimi,Turkey
CP26145,Reza Sokolov,United Kingdom
CP26146,Ivan Khalil,India
CP26147,Sara Zhang,India
CP26148,Nikolai Brown,Iran
CP26149,Hassan Volkov,Canada
CP26150,Omar Ivanov,United Arab Emirates
CP26151,Viktor Rahimi,Russia
CP26152,Reza Rahimi,North Korea
CP26153,Sara Rahimi,United States
CP26154,Ali Wang,Belarus
CP26155,John Brown,Belarus
CP26156,Nikolai Hosseini,United Arab Emirates
CP26157,Mark Al Rashid,Turkey
CP26158,Yousef Lee,Iran
CP26159,Anna Karimi,Belarus
CP26160,Hassan Volkov,United States
CP26161,Sara Wang,India
CP26162,Hassan Ivanov,Iran
CP26163,Mohammed Al Rashid,India
CP26164,Ali Nouri,Iran
CP26165,Wei Wilson,India
CP26166,Omar Lee,Syria
CP26167,Yousef Sokolov,United Kingdom
CP26168,Sergei Haddad,United Arab Emirates
CP26169,John Khalil,Turkey
CP26170,Viktor Brown,Russia
CP26171,Ahmed Khalil,India
CP26172,Jin Zhang,United Arab Emirates
CP26173,Mohammed Wang,Mexico
CP26174,Reza Wilson,Syria
CP26175,Sergei Ivanov,Turkey
CP26176,Sara Al Rashid,United Arab Emirates
CP26177,Viktor Ivanov,United States
CP26178,Yousef Wilson,Russia
CP26179,Peter Karimi,Turkey
CP26180,Viktor Sokolov,United Arab Emirates
CP26181,Omar Mansour,Turkey
CP26182,Mark Ivanov,Mexico
CP26183,Wei Khalil,Mexico
CP26184,Ahmed Petrov,India
CP26185,Karim Brown,Belarus
CP26186,Sergei Karimi,India
CP26187,Sergei Khalil,Mexico
CP26188,Hassan Petrov,Belarus
CP26189,Anna Ivanov,Syria
CP26190,Farid Al Rashid,United States
CP26191,Hassan Nouri,United Arab Emirates
CP26192,Karim Wilson,Belarus
CP26193,Viktor Lee,United Arab Emirates
CP26194,Samir Smith,India
CP26195,Sergei Wilson,Russia
CP26196,Reza Rahimi,Turkey
CP26197,Karim Rahimi,Canada
CP26198,Viktor Zhang,Belarus
CP26199,Farid Khalil,India
CP26200,Reza Smith,Russia
CP26201,Mohammed Ivanov,Nigeria
CP26202,Reza Ivanov,Iran
CP26203,Mark Khalil,Belarus
CP26204,Ali Rahimi,Iran
CP26205,Anna Al Rashid,Syria
CP26206,Ali Nouri,Canada
CP26207,Anna Lee,Iran
CP26208,Karim Haddad,United States
CP26209,Wei Karimi,Canada
CP26210,Ivan Khalil,Mexico
CP26211,Ahmed Lee,Turkey
CP26212,Jin Mansour,Mexico
CP26213,Mark Haddad,Belarus
CP26214,Wei Brown,Turkey
CP26215,Anna Karimi,Syria
CP26216,Omar Smith,Turkey
CP26217,Reza Karimi,Canada
CP26218,Ivan Wang,India
CP26219,Mohammed Karimi,Russia
CP26220,Ali Mansour,Belarus
CP26221,Samir Ivanov,Turkey
CP26222,Anna Petrov,Syria
CP26223,Anna Lee,Canada
CP26224,Omar Sokolov,Syria
CP26225,Nikolai Lee,Mexico
CP26226,Ahmed Khalil,United Kingdom
CP26227,Reza Ivanov,Iran
CP26228,Anna Brown,Russia
CP26229,Karim Volkov,Syria
CP26230,Ahmed Mansour,Mexico
CP26231,Farid Brown,Canada
CP26232,Jin Mansour,Nigeria
CP26233,Nikolai Rahimi,United Kingdom
CP26234,Samir Lee,United Arab Emirates
CP26235,Peter Wang,Canada
CP26236,Peter Petrov,United Arab Emirates
CP26237,Peter Petrov,Canada
CP26238,Wei Nouri,India
CP26239,Viktor Smith,Russia
CP26240,Omar Lee,Syria
CP26241,Farid Rahimi,India
CP26242,Ahmed Zhang,Turkey
CP26243,Hassan Ivanov,United States
CP26244,Farid Smith,Canada
CP26245,John Rahimi,Mexico
CP26246,Ivan Khalil,Canada
CP26247,Sergei Petrov,Turkey
CP26248,Sergei Al Rashid,Canada
CP26249,Ivan Sokolov,Russia
CP26250,Wei Karimi,United Kingdom
CP26251,Yousef Ivanov,United States
CP26252,Omar Hosseini,United Arab Emirates
CP26253,John Lee,Mexico
CP26254,Mohammed Brown,Russia
CP26255,Omar Al Rashid,Nigeria
CP26256,Karim Wilson,Russia
CP26257,Mark Nouri,Turkey
CP26258,Farid Mansour,Russia
CP26259,Karim Lee,United Arab Emirates
CP26260,Samir Smith,Nigeria
CP26261,Ali Zhang,Canada
CP26262,Farid Volkov,Canada
CP26263,Karim Petrov,United States
CP26264,Hassan Brown,Turkey
CP26265,Samir Petrov,Canada
CP26266,Nikolai Wilson,Iran
CP26267,Wei Haddad,Iran
CP26268,Anna Haddad,Mexico
CP26269,Anna Zhang,India
CP26270,Samir Zhang,Mexico
CP26271,Peter Sokolov,Turkey
CP26272,Viktor Volkov,Nigeria
CP26273,Ali Volkov,Iran
CP26274,John Rahimi,United Arab Emirates
CP26275,Jin Smith,Turkey
CP26276,Samir Khalil,Syria
CP26277,Ivan Karimi,India
CP26278,Mohammed Wilson,United Kingdom
CP26279,Mark Al Rashid,Mexico
CP26280,Anna Al Rashid,Russia
CP26281,Sara Mansour,Canada
CP26282,Peter Mansour,Mexico
CP26283,Hassan Al Rashid,United Kingdom
CP26284,Peter Karimi,United States
CP26285,Samir Hosseini,Canada
CP26286,John Rahimi,Iran
CP26287,Nikolai Mansour,India
CP26288,Omar Zhang,United States
CP26289,Farid Hosseini,United States
CP26290,Mark Rahimi,United Arab Emirates
CP26291,Jin Wilson,Nigeria
CP26292,Nikolai Hosseini,Syria
CP26293,Anna Mansour,United States
CP26294,Anna Wilson,Syria
CP26295,Nikolai Wilson,Turkey
CP26296,Omar Hosseini,United States
CP26297,Nikolai Haddad,Mexico
CP26298,Reza Rahimi,North Korea
CP26299,Samir Wilson,Syria
CP26300,Wei Karimi,United Arab Emirates
CP26301,Peter Mansour,India
CP26302,Sergei Brown,Mexico
CP26303,Farid Haddad,Syria
CP26304,Jin Wang,India
CP26305,Sara Wang,Syria
CP26306,Nikolai Wang,Iran
CP26307,Mark Petrov,Russia
CP26308,Sara Volkov,Syria
CP26309,Farid Mansour,Iran
CP26310,Hassan Rahimi,Turkey
CP26311,John Khalil,United Kingdom
CP26312,Farid Nouri,Belarus
CP26313,Ivan Haddad,United States
CP26314,Omar Sokolov,United States
CP26315,John Haddad,Turkey
CP26316,Omar Wilson,Belarus
CP26317,Anna Rahimi,United Arab Emirates
CP26318,Hassan Ivanov,Canada
CP26319,Mohammed Hosseini,Russia
CP26320,Ivan Nouri,Syria
CP26321,Hassan Ivanov,Iran
CP26322,Omar Haddad,United Arab Emirates
CP26323,Ali Sokolov,United Kingdom
CP26324,Reza Zhang,Nigeria
CP26325,Sergei Haddad,Belarus
CP26326,Ahmed Smith,Canada
CP26327,Sergei Ivanov,Belarus
CP26328,Yousef Petrov,United States
CP26329,Mark Lee,Syria
CP26330,Nikolai Smith,United States
CP26331,Karim Haddad,United Arab Emirates
CP26332,Viktor Karimi,Iran
CP26333,Samir Al Rashid,Belarus
CP26334,Ahmed Lee,United Kingdom
CP26335,Sergei Volkov,India
CP26336,Omar Volkov,Canada
CP26337,Ali Lee,India
CP26338,Sara Nouri,Russia
CP26339,Karim Lee,United Arab Emirates
CP26340,Nikolai Haddad,Canada
CP26341,Sara Mansour,United States
CP26342,Mark Smith,Canada
CP26343,Hassan Mansour,Canada
CP26344,Ivan Volkov,Syria
CP26345,Viktor Khalil,United Arab Emirates
CP26346,Hassan Zhang,United Kingdom
CP26347,Viktor Hosseini,United Kingdom
CP26348,Sara Mansour,Belarus
CP26349,Mohammed Khalil,Belarus
CP26350,Mohammed Hosseini,United Kingdom
CP26351,Sergei Haddad,United Kingdom
CP26352,Karim Karimi,Canada
CP26353,Samir Smith,Nigeria
CP26354,Omar Volkov,Canada
CP26355,Ivan Rahimi,Turkey
CP26356,Sergei Wilson,Syria
CP26357,Ahmed Zhang,Russia
CP26358,Anna Al Rashid,Iran
CP26359,Hassan Al Rashid,United Arab Emirates
CP26360,Mohammed Smith,Russia
CP26361,Ali Sokolov,United Kingdom
CP26362,Yousef Brown,Belarus
CP26363,Samir Rahimi,Canada
CP26364,Viktor Rahimi,United States
CP26365,Yousef Volkov,Russia
CP26366,Ivan Karimi,United Arab Emirates
CP26367,Peter Sokolov,Syria
CP26368,John Mansour,Canada
CP26369,Viktor Wang,India
CP26370,Samir Hosseini,Iran
CP26371,Yousef Khalil,Mexico
CP26372,Wei Petrov,India
CP26373,Anna Petrov,Turkey
CP26374,Farid Khalil,Nigeria
CP26375,Sergei Wilson,Turkey
CP26376,Nikolai Rahimi,Russia
CP26377,Mohammed Al Rashid,Syria
CP26378,Karim Sokolov,Russia
CP26379,John Al Rashid,Belarus
CP26380,Viktor Khalil,Iran
CP26381,Karim Al Rashid,United Arab Emirates
CP26382,Hassan Ivanov,United States
CP26383,Yousef Hosseini,Turkey
CP26384,Mohammed Karimi,Belarus
CP26385,Anna Smith,Russia
CP26386,Mohammed Sokolov,Turkey
CP26387,Mohammed Nouri,United Kingdom
CP26388,Omar Wang,United Arab Emirates
CP26389,Ivan Volkov,United States
CP26390,Nikolai Hosseini,Russia
CP26391,Ali Wang,Mexico
CP26392,Wei Petrov,Turkey
CP26393,Farid Smith,Russia
CP26394,Omar Wang,Mexico
CP26395,Ivan Volkov,United States
CP26396,Ivan Haddad,Russia
CP26397,Jin Haddad,Canada
CP26398,Wei Ivanov,United States
CP26399,Anna Wilson,Nigeria
CP26400,Ahmed Wilson,India
CP26401,Reza Mansour,Syria
CP26402,Karim Brown,Iran
CP26403,Wei Karimi,Belarus
CP26404,Jin Petrov,Nigeria
CP26405,Omar Rahimi,Nigeria
CP26406,Hassan Wang,Belarus
CP26407,Farid Rahimi,Belarus
CP26408,John Zhang,India
CP26409,Mark Karimi,United States
CP26410,Ali Wang,United States
CP26411,Sara Smith,United Kingdom
CP26412,Nikolai Ivanov,Syria
CP26413,Mohammed Al Rashid,United Kingdom
CP26414,Yousef Lee,Canada
CP26415,Mohammed Zhang,United States
CP26416,John Brown,Syria
CP26417,Wei Wang,Canada
CP26418,Nikolai Wilson,Russia
CP26419,Anna Haddad,India
CP26420,Jin Volkov,Belarus
CP26421,Omar Nouri,India
CP26422,Sergei Rahimi,United States
CP26423,Ivan Wang,Iran
CP26424,Omar Smith,United States
CP26425,Sergei Wang,Russia
CP26426,Nikolai Hosseini,Russia
CP26427,Farid Mansour,Iran
CP26428,Hassan Sokolov,Belarus
CP26429,Ali Wilson,Iran
CP26430,Samir Ivanov,Turkey
CP26431,Hassan Petrov,Russia
CP26432,Hassan Al Rashid,Russia
CP26433,John Khalil,United States
CP26434,Peter Khalil,Nigeria
CP26435,Viktor Brown,United Kingdom
CP26436,Nikolai Volkov,United States
CP26437,Wei Wilson,Mexico
CP26438,Mohammed Wilson,Russia
CP26439,Wei Lee,Iran
CP26440,Mark Zhang,United Kingdom
CP26441,Viktor Hosseini,Mexico
CP26442,Jin Lee,Russia
CP26443,Viktor Karimi,Russia
CP26444,Sergei Mansour,United States
CP26445,Sara Hosseini,Canada
CP26446,John Wilson,Russia
CP26447,Reza Ivanov,Canada
CP26448,Ali Karimi,India
CP26449,Sara Hosseini,United States
CP26450,Farid Ivanov,Belarus
CP26451,Yousef Sokolov,Canada
CP26452,Omar Khalil,United States
CP26453,Anna Karimi,India
CP26454,Mohammed Wilson,Russia
CP26455,Ahmed Ivanov,Syria
CP26456,Viktor Nouri,Turkey
CP26457,Wei Nouri,Russia
CP26458,Jin Wang,United States
CP26459,Wei Ivanov,United States
CP26460,Ahmed Wang,Belarus
CP26461,Samir Wilson,India
CP26462,Mohammed Wilson,Belarus
CP26463,John Volkov,United Arab Emirates
CP26464,Peter Nouri,India
CP26465,Anna Rahimi,India
CP26466,Mohammed Lee,United Arab Emirates
CP26467,Jin Khalil,Belarus
CP26468,Peter Khalil,Iran
CP26469,Reza Brown,United States
CP26470,Samir Smith,Iran
CP26471,Anna Zhang,Turkey
CP26472,Wei Karimi,United States
CP26473,Omar Ivanov,Syria
CP26474,Sara Khalil,Mexico
CP26475,Nikolai Khalil,United States
CP26476,Samir Zhang,Turkey
CP26477,Sergei Nouri,Syria
CP26478,Reza Nouri,Russia
CP26479,Ahmed Smith,United Arab Emirates
CP26480,Omar Brown,United Kingdom
CP26481,Sergei Zhang,United Kingdom
CP26482,Nikolai Sokolov,Iran
CP26483,Omar Sokolov,Canada
CP26484,Karim Petrov,Belarus
CP26485,Viktor Sokolov,India
CP26486,Wei Karimi,Belarus
CP26487,Ivan Karimi,Syria
CP26488,Ivan Smith,United Arab Emirates
CP26489,Mark Smith,India
CP26490,John Ivanov,India
CP26491,Wei Lee,Russia
CP26492,Wei Khalil,Turkey
CP26493,Reza Hosseini,Belarus
CP26494,Ali Rahimi,Belarus
CP26495,Hassan Brown,Nigeria
CP26496,Ivan Nouri,Canada
CP26497,Viktor Smith,Mexico
CP26498,Yousef Petrov,India
CP26499,Yousef Volkov,Iran
CP26500,Sara Wilson,United States
CP26501,Nikolai Mansour,United Arab Emirates
CP26502,Anna Haddad,Iran
CP26503,Ahmed Al Rashid,Iran
CP26504,Jin Rahimi,Iran
CP26505,Wei Rahimi,Russia
CP26506,Peter Hosseini,United Arab Emirates
CP26507,Mark Mansour,India
CP26508,Ahmed Karimi,Iran
CP26509,Karim Sokolov,Nigeria
CP26510,Samir Wang,Syria
CP26511,Viktor Wilson,Canada
CP26512,Jin Haddad,Turkey
CP26513,Mohammed Wang,Mexico
CP26514,Sara Hosseini,Turkey
CP26515,Ali Hosseini,Mexico
CP26516,Mohammed Wilson,Nigeria
CP26517,Anna Smith,Belarus
CP26518,John Karimi,Iran
CP26519,Hassan Hosseini,Belarus
CP26520,Jin Brown,Canada
CP26521,Ali Sokolov,Russia
CP26522,Jin Khalil,Canada
CP26523,Reza Zhang,Russia
CP26524,Hassan Sokolov,United Arab Emirates
CP26525,Yousef Lee,United States
CP26526,Peter Al Rashid,India
CP26527,Sergei Petrov,United Arab Emirates
CP26528,Omar Lee,Turkey
CP26529,Sara Lee,Iran
CP26530,Anna Lee,Syria
CP26531,Yousef Lee,Mexico
CP26532,Sergei Volkov,India
CP26533,Wei Wang,Belarus
CP26534,Peter Zhang,Mexico
CP26535,Ahmed Hosseini,Belarus
CP26536,Ahmed Nouri,Belarus
CP26537,Ahmed Rahimi,Canada
CP26538,Wei Ivanov,Iran
CP26539,Sergei Al Rashid,India
CP26540,Reza Karimi,India
CP26541,Reza Wilson,Canada
CP26542,Reza Karimi,Nigeria
CP26543,Ivan Sokolov,Belarus
CP26544,Farid Lee,Nigeria
CP26545,Samir Rahimi,United Kingdom
CP26546,Samir Khalil,Turkey
CP26547,Yousef Petrov,Russia
CP26548,Wei Zhang,Russia
CP26549,Peter Al Rashid,United States
CP26550,John Sokolov,Russia
CP26551,Karim Petrov,Turkey
CP26552,Anna Nouri,Belarus
CP26553,Ivan Khalil,Nigeria
CP26554,Peter Ivanov,Turkey
CP26555,Mohammed Brown,Iran
CP26556,Farid Rahimi,Turkey
CP26557,Peter Zhang,Syria
CP26558,Omar Sokolov,Turkey
CP26559,Hassan Al Rashid,Belarus
CP26560,Anna Haddad,United Arab Emirates
CP26561,Sergei Nouri,Syria
CP26562,Ahmed Khalil,United Kingdom
CP26563,Reza Mansour,United Arab Emirates
CP26564,Mark Khalil,Russia
CP26565,Mark Smith,Iran
CP26566,Mark Mansour,United States
CP26567,Ahmed Wang,Nigeria
CP26568,Viktor Smith,Nigeria
CP26569,Ali Sokolov,Mexico
CP26570,Omar Rahimi,United Arab Emirates
CP26571,Sara Volkov,United Kingdom
CP26572,Anna Volkov,India
CP26573,Yousef Mansour,Syria
CP26574,Ali Sokolov,United Arab Emirates
CP26575,Karim Smith,United States
CP26576,Karim Hosseini,Russia
CP26577,John Karimi,United Arab Emirates
CP26578,Reza Wilson,Iran
CP26579,Omar Nouri,Nigeria
CP26580,Jin Wang,Russia
CP26581,Hassan Karimi,Russia
CP26582,Peter Smith,Mexico
CP26583,Reza Wilson,Syria
CP26584,Anna Hosseini,Syria
CP26585,Sergei Nouri,Nigeria
CP26586,Karim Wilson,United States
CP26587,Yousef Mansour,United States
CP26588,Yousef Mansour,United States
CP26589,Jin Wang,United Arab Emirates
CP26590,Nikolai Wang,Mexico
CP26591,Karim Wilson,Belarus
CP26592,Sara Lee,India
CP26593,Samir Karimi,United States
CP26594,Mohammed Karimi,Turkey
CP26595,Reza Wilson,United Arab Emirates
CP26596,Wei Brown,United Kingdom
CP26597,Reza Volkov,Canada
CP26598,Ali Nouri,India
CP26599,Jin Smith,Turkey
CP26600,Peter Wilson,Turkey
CP26601,Farid Petrov,Iran
CP26602,Peter Karimi,Turkey
CP26603,Yousef Volkov,Russia
CP26604,Ivan Haddad,Nigeria
CP26605,Ahmed Smith,United Kingdom
CP26606,Jin Wang,United Arab Emirates
CP26607,Hassan Karimi,Nigeria
CP26608,Samir Ivanov,Mexico
CP26609,Ivan Wilson,United Arab Emirates
CP26610,Viktor Al Rashid,United States
CP26611,Samir Rahimi,Russia
CP26612,Omar Haddad,Russia
CP26613,Ivan Mansour,India
CP26614,Samir Ivanov,Nigeria
CP26615,Anna Karimi,Turkey
CP26616,Mohammed Nouri,United Arab Emirates
CP26617,Nikolai Hosseini,Syria
CP26618,Viktor Khalil,Nigeria
CP26619,Viktor Karimi,India
CP26620,Anna Smith,United Arab Emirates
CP26621,Mohammed Zhang,Nigeria
CP26622,John Sokolov,United Kingdom
CP26623,Omar Volkov,United Kingdom
CP26624,Mark Rahimi,Russia
CP26625,Farid Smith,Russia
CP26626,Nikolai Nouri,Syria
CP26627,Ali Karimi,United Kingdom
CP26628,Wei Karimi,Russia
CP26629,Karim Haddad,Turkey
CP26630,Samir Brown,Canada
CP26631,Nikolai Ivanov,Turkey
CP26632,Anna Smith,United States
CP26633,Hassan Rahimi,Syria
CP26634,Mark Sokolov,United Kingdom
CP26635,Mark Petrov,India
CP26636,Mohammed Khalil,Turkey
CP26637,John Khalil,Nigeria
CP26638,Yousef Wilson,Nigeria
CP26639,Ali Wilson,Canada
CP26640,Yousef Haddad,United States
CP26641,Samir Wilson,Syria
CP26642,Karim Volkov,United Kingdom
CP26643,Ali Volkov,Canada
CP26644,Hassan Ivanov,United Kingdom
CP26645,Farid Khalil,Russia
CP26646,Omar Petrov,United Kingdom
CP26647,Omar Volkov,Turkey
CP26648,Jin Zhang,Mexico
CP26649,Jin Volkov,India
CP26650,Peter Nouri,Iran
CP26651,Viktor Zhang,Iran
CP26652,Karim Al Rashid,United States
CP26653,Jin Wilson,Mexico
CP26654,Omar Sokolov,Nigeria
CP26655,Peter Lee,United Arab Emirates
CP26656,Sara Nouri,India
CP26657,Hassan Haddad,Mexico
CP26658,Viktor Zhang,United States
CP26659,Anna Khalil,Syria
CP26660,Hassan Karimi,Canada
CP26661,Farid Khalil,United Kingdom
CP26662,Farid Wilson,Syria
CP26663,Peter Lee,Nigeria
CP26664,Sara Rahimi,Russia
CP26665,Mohammed Lee,Russia
CP26666,Yousef Zhang,Belarus
CP26667,Omar Wang,India
CP26668,Yousef Rahimi,Syria
CP26669,Omar Nouri,United Kingdom
CP26670,Sergei Smith,Belarus
CP26671,Sara Al Rashid,Canada
CP26672,Ali Khalil,Canada
CP26673,Ali Al Rashid,Nigeria
CP26674,Mark Al Rashid,Turkey
CP26675,Wei Sokolov,Nigeria
CP26676,Mohammed Rahimi,Iran
CP26677,Viktor Wilson,Nigeria
CP26678,Karim Zhang,Turkey
CP26679,Reza Wang,Belarus
CP26680,Yousef Sokolov,Iran
CP26681,Ali Al Rashid,Canada
CP26682,Ali Brown,Iran
CP26683,Ali Wang,Russia
CP26684,Sara Brown,United States
CP26685,Hassan Ivanov,United States
CP26686,Nikolai Volkov,Turkey
CP26687,John Nouri,Russia
CP26688,Ali Wilson,Turkey
CP26689,Omar Mansour,United Arab Emirates
CP26690,Reza Lee,United States
CP26691,Sara Wang,Nigeria
CP26692,Samir Nouri,United States
CP26693,Ali Wang,Mexico
CP26694,Omar Smith,Syria
CP26695,Ivan Mansour,India
CP26696,Omar Lee,Mexico
CP26697,Mark Volkov,United States
CP26698,Wei Zhang,Syria
CP26699,Hassan Smith,Belarus
CP26700,Omar Nouri,Nigeria
CP26701,Karim Petrov,United States
CP26702,Sara Lee,United Arab Emirates
CP26703,Ali Karimi,Russia
CP26704,Nikolai Al Rashid,Mexico
CP26705,Anna Karimi,United States
CP26706,Peter Wang,Turkey
CP26707,Samir Brown,United Arab Emirates
CP26708,Omar Brown,Mexico
CP26709,Nikolai Karimi,Turkey
CP26710,Jin Rahimi,Syria
CP26711,Ahmed Karimi,Nigeria
CP26712,Omar Wilson,Iran
CP26713,Sara Lee,Iran
CP26714,Nikolai Khalil,India
CP26715,John Wang,United States
CP26716,Jin Wilson,Syria
CP26717,Peter Al Rashid,Russia
CP26718,Ivan Nouri,United Kingdom
CP26719,Ivan Petrov,Syria
CP26720,Viktor Wang,United Kingdom
CP26721,Omar Sokolov,Turkey
CP26722,Peter Karimi,Syria
CP26723,Samir Mansour,North Korea
CP26724,Mohammed Smith,Iran
CP26725,Viktor Smith,Iran
CP26726,Samir Al Rashid,Canada
CP26727,Ivan Brown,Mexico
CP26728,Mark Brown,Mexico
CP26729,Sergei Brown,Syria
CP26730,Farid Volkov,Nigeria
CP26731,Anna Haddad,Belarus
CP26732,Sergei Ivanov,Belarus
CP26733,Hassan Nouri,Nigeria
CP26734,Farid Smith,United Kingdom
CP26735,Sara Mansour,Turkey
CP26736,Ahmed Hosseini,United States
CP26737,Ivan Rahimi,United States
CP26738,John Ivanov,Canada
CP26739,Viktor Smith,India
CP26740,Reza Sokolov,Belarus
CP26741,Ali Volkov,United Arab Emirates
CP26742,Ahmed Wilson,Mexico
CP26743,Jin Khalil,India
CP26744,Farid Haddad,United Arab Emirates
CP26745,Karim Zhang,Belarus
CP26746,Ahmed Khalil,Belarus
CP26747,Sergei Smith,Russia
CP26748,Wei Sokolov,United States
CP26749,Farid Nouri,Iran
CP26750,Karim Wang,United Kingdom
CP26751,Reza Brown,Syria
CP26752,Viktor Haddad,Mexico
CP26753,Viktor Petrov,United States
CP26754,Ivan Wilson,Russia
CP26755,Hassan Ivanov,Mexico
CP26756,Hassan Brown,Canada
CP26757,Anna Khalil,Mexico
CP26758,Mohammed Ivanov,Turkey
CP26759,Karim Petrov,United States
CP26760,Hassan Zhang,United Kingdom
CP26761,Jin Khalil,India
CP26762,Mark Wang,Belarus
CP26763,Reza Ivanov,United Kingdom
CP26764,Peter Volkov,Mexico
CP26765,Anna Smith,Turkey
CP26766,Samir Petrov,Turkey
CP26767,Wei Nouri,Canada
CP26768,Yousef Hosseini,Canada
CP26769,Nikolai Mansour,India
CP26770,Omar Zhang,Iran
CP26771,Sara Hosseini,Iran
CP26772,Omar Karimi,Nigeria
CP26773,Mark Zhang,India
CP26774,Mohammed Nouri,Canada
CP26775,John Brown,Turkey
CP26776,Omar Khalil,United States
CP26777,Ivan Nouri,Canada
CP26778,Ivan Zhang,Syria
CP26779,John Volkov,Russia
CP26780,Mohammed Haddad,Russia
CP26781,Mark Nouri,Russia
CP26782,John Lee,India
CP26783,Sergei Volkov,Mexico
CP26784,John Mansour,Canada
CP26785,Anna Sokolov,United Kingdom
CP26786,Hassan Sokolov,Turkey
CP26787,Sergei Haddad,Turkey
CP26788,Nikolai Sokolov,United Arab Emirates
CP26789,Ahmed Smith,United Arab Emirates
CP26790,John Ivanov,Turkey
CP26791,Viktor Hosseini,Russia
CP26792,Mark Smith,Russia
CP26793,Sergei Nouri,Mexico
CP26794,Viktor Rahimi,Turkey
CP26795,Wei Ivanov,Iran
CP26796,Reza Al Rashid,Syria
CP26797,Viktor Lee,United Kingdom
CP26798,Ivan Nouri,India
CP26799,Peter Zhang,Canada
CP26800,Peter Karimi,Canada
CP26801,Karim Nouri,Iran
CP26802,Ali Mansour,Russia
CP26803,Anna Brown,United Kingdom
CP26804,Nikolai Haddad,Mexico
CP26805,Ahmed Nouri,Nigeria
CP26806,Yousef Wilson,Turkey
CP26807,Samir Hosseini,India
CP26808,Ivan Karimi,United States
CP26809,Samir Smith,Turkey
CP26810,Mark Wang,Turkey
CP26811,Farid Wang,Mexico
CP26812,Reza Hosseini,United States
CP26813,Farid Wilson,United States
CP26814,Mohammed Lee,Mexico
CP26815,Mark Wang,United Kingdom
CP26816,Sara Ivanov,Iran
CP26817,Samir Khalil,Canada
CP26818,Ivan Sokolov,Belarus
CP26819,Sergei Wang,Belarus
CP26820,Jin Ivanov,United Arab Emirates
CP26821,Ivan Al Rashid,Turkey
CP26822,Reza Brown,Iran
CP26823,Sergei Rahimi,Turkey
CP26824,Ahmed Lee,Iran
CP26825,Yousef Volkov,Belarus
CP26826,Sara Hosseini,United States
CP26827,Farid Karimi,Belarus
CP26828,Nikolai Rahimi,Turkey
CP26829,Samir Mansour,Mexico
CP26830,Omar Nouri,Turkey
CP26831,Karim Haddad,Iran
CP26832,Ali Mansour,Russia
CP26833,Ivan Smith,Syria
CP26834,Nikolai Al Rashid,Russia
CP26835,Omar Al Rashid,United Kingdom
CP26836,Omar Mansour,Russia
CP26837,Farid Karimi,Iran
CP26838,Sara Petrov,United States
CP26839,John Nouri,Turkey
CP26840,Omar Lee,United States
CP26841,Anna Haddad,Iran
CP26842,Hassan Hosseini,India
CP26843,Omar Al Rashid,Iran
CP26844,Yousef Karimi,Russia
CP26845,Peter Volkov,Belarus
CP26846,Samir Lee,Syria
CP26847,Hassan Petrov,Mexico
CP26848,Sergei Smith,Belarus
CP26849,Ahmed Brown,United States
CP26850,Ahmed Khalil,Nigeria
CP26851,Samir Mansour,Canada
CP26852,Omar Wilson,Russia
CP26853,Sergei Khalil,Mexico
CP26854,Sergei Zhang,Belarus
CP26855,Wei Brown,United States
CP26856,Sara Zhang,India
CP26857,Sara Mansour,Syria
CP26858,Sergei Nouri,Canada
CP26859,Sergei Ivanov,India
CP26860,Sara Zhang,Nigeria
CP26861,Mark Brown,India
CP26862,Yousef Wilson,United States
CP26863,Farid Volkov,Iran
CP26864,Mohammed Al Rashid,United States
CP26865,Omar Hosseini,Canada
CP26866,Farid Rahimi,Canada
CP26867,Mohammed Zhang,Russia
CP26868,Jin Karimi,United Kingdom
CP26869,Ali Karimi,Russia
CP26870,Anna Lee,Syria
CP26871,Ahmed Khalil,Syria
CP26872,Mohammed Khalil,Syria
CP26873,Farid Hosseini,India
CP26874,Farid Lee,Canada
CP26875,Ahmad Khalil,Belarus
CP26876,Omar Hosseini,Belarus
CP26877,Wei Ivanov,United States
CP26878,Sara Nouri,United States
CP26879,Ivan Mansour,Turkey
CP26880,John Sokolov,Canada
CP26881,Hassan Petrov,Mexico
CP26882,Anna Volkov,Canada
CP26883,Jin Wang,Turkey
CP26884,Reza Smith,Turkey
CP26885,Samir Hosseini,United States
CP26886,Hassan Petrov,Nigeria
CP26887,Reza Ivanov,Canada
CP26888,Farid Rahimi,Turkey
CP26889,Samir Smith,Russia
CP26890,Viktor Volkov,Canada
CP26891,Ahmed Rahimi,Canada
CP26892,Omar Karimi,Mexico
CP26893,Ali Wang,Nigeria
CP26894,Mohammed Wilson,Turkey
CP26895,Samir Petrov,Canada
CP26896,Sara Hosseini,Canada
CP26897,Wei Haddad,Syria
CP26898,Viktor Al Rashid,Iran
CP26899,Omar Al Rashid,United Kingdom
CP26900,Mark Smith,Russia
CP26901,Karim Volkov,Iran
CP26902,Sergei Petrov,United Kingdom
CP26903,Ivan Mansour,India
CP26904,Viktor Brown,United Arab Emirates
CP26905,Reza Brown,United States
CP26906,Sergei Wang,Belarus
CP26907,Yousef Haddad,Syria
CP26908,Omar Wilson,United Arab Emirates
CP26909,Farid Sokolov,Syria
CP26910,Peter Mansour,Turkey
CP26911,Jin Volkov,Canada
CP26912,John Zhang,Belarus
CP26913,Samir Sokolov,Nigeria
CP26914,Anna Sokolov,Turkey
CP26915,Mohammed Al Rashid,United Arab Emirates
CP26916,Wei Brown,India
CP26917,Mohammed Ivanov,Iran
CP26918,Jin Sokolov,Canada
CP26919,Yousef Ivanov,India
CP26920,Viktor Zhang,Syria
CP26921,Karim Karimi,India
CP26922,Mark Al Rashid,Russia
CP26923,Sergei Lee,Canada
CP26924,Ivan Rahimi,Syria
CP26925,Hassan Wang,Nigeria
CP26926,Anna Khalil,Canada
CP26927,Omar Brown,Russia
CP26928,Reza Petrov,United Arab Emirates
CP26929,Farid Zhang,India
CP26930,Nikolai Nouri,United States
CP26931,Wei Nouri,Russia
CP26932,Ali Volkov,Belarus
CP26933,Nikolai Mansour,United States
CP26934,Farid Haddad,Syria
CP26935,Ahmed Volkov,Syria
CP26936,Omar Nouri,United States
CP26937,Wei Al Rashid,Turkey
CP26938,Yousef Mansour,United Kingdom
CP26939,Karim Wang,Nigeria
CP26940,Jin Petrov,United States
CP26941,Viktor Lee,Syria
CP26942,Farid Brown,United States
CP26943,Hassan Haddad,United Kingdom
CP26944,Omar Wilson,Syria
CP26945,Samir Sokolov,Russia
CP26946,Samir Zhang,Belarus
CP26947,Sara Smith,India
CP26948,Ahmed Karimi,Belarus
CP26949,Hassan Zhang,Turkey
CP26950,Wei Wilson,United Arab Emirates
CP26951,Mohammed Wang,United Arab Emirates
CP26952,Yousef Al Rashid,Nigeria
CP26953,Ivan Wilson,Canada
CP26954,Samir Nouri,Turkey
CP26955,Farid Sokolov,Belarus
CP26956,Nikolai Wilson,Belarus
CP26957,Yousef Hosseini,Syria
CP26958,John Mansour,Nigeria
CP26959,Mark Wang,Canada
CP26960,Nikolai Wang,North Korea
CP26961,Ahmed Volkov,United States
CP26962,Farid Petrov,Turkey
CP26963,Viktor Haddad,United Kingdom
CP26964,Reza Smith,Russia
CP26965,Wei Al Rashid,Iran
CP26966,Sara Rahimi,Mexico
CP26967,Yousef Rahimi,Mexico
CP26968,Viktor Al Rashid,Russia
CP26969,Mohammed Karimi,Turkey
CP26970,Hassan Al Rashid,United Kingdom
CP26971,Anna Wilson,Belarus
CP26972,Anna Volkov,Canada
CP26973,Hassan Lee,Belarus
CP26974,Peter Brown,Iran
CP26975,Mohammed Karimi,Iran
CP26976,Viktor Brown,Turkey
CP26977,Peter Nouri,United Arab Emirates
CP26978,Reza Hosseini,Turkey
CP26979,John Lee,Belarus
CP26980,Ivan Karimi,Nigeria
CP26981,Farid Nouri,India
CP26982,Hassan Wilson,Syria
CP26983,Jin Sokolov,Canada
CP26984,Wei Al-Rashid,Belarus
CP26985,Yousef Volkov,Belarus
CP26986,Anna Volkov,Syria
CP26987,Anna Brown,Iran
CP26988,Sergei Sokolov,Syria
CP26989,Sergei Hosseini,Russia
CP26990,Ivan Nouri,United States
CP26991,Ali Al Rashid,Russia
CP26992,Mark Nouri,Nigeria
CP26993,Anna Rahimi,United Kingdom
CP26994,Anna Lee,Russia
CP26995,Ivan Al Rashid,Syria
CP26996,Sergei Sokolov,Mexico
CP26997,Sergei Ivanov,United Arab Emirates
CP26998,Mohammed Ivanov,Russia
CP26999,Yousef Al Rashid,Turkey
CP27000,Farid Petrov,India
CP27001,John Wang,United Arab Emirates
CP27002,Nikolai Wang,Iran
CP27003,Sara Hosseini,Nigeria
CP27004,Samir Sokolov,United States
CP27005,Peter Sokolov,India
CP27006,Ali Wang,United States
CP27007,Omar Khalil,United Arab Emirates
CP27008,Mark Karimi,Iran
CP27009,Farid Nouri,Russia
CP27010,Jin Karimi,Mexico
CP27011,Ali Lee,United Arab Emirates
CP27012,Reza Karimi,Mexico
CP27013,Omar Brown,Russia
CP27014,Omar Zhang,India
CP27015,Omar Rahimi,Syria
CP27016,Omar Rahimi,United States
CP27017,Peter Sokolov,Canada
CP27018,Yousef Zhang,Nigeria
CP27019,Ahmed Volkov,Turkey
CP27020,Sara Volkov,Belarus
CP27021,Jin Hosseini,United Arab Emirates
CP27022,Anna Mansour,Russia
CP27023,Nikolai Wilson,Syria
CP27024,Farid Khalil,United States
CP27025,Farid Nouri,Turkey
CP27026,Hassan Wang,Syria
CP27027,Peter Ivanov,Iran
CP27028,Samir Zhang,Turkey
CP27029,Mohammed Rahimi,Belarus
CP27030,Viktor Smith,Syria
CP27031,Samir Sokolov,Iran
CP27032,Jin Al Rashid,United Arab Emirates
CP27033,Ivan Rahimi,Russia
CP27034,Omar Al Rashid,Nigeria
CP27035,Anna Petrov,Turkey
CP27036,Viktor Lee,Mexico
CP27037,Mohammed Karimi,Mexico
CP27038,Farid Lee,Mexico
CP27039,Wei Wang,United Arab Emirates
CP27040,Ahmed Ivanov,Turkey
CP27041,Wei Nouri,Iran
CP27042,Hassan Rahimi,Russia
CP27043,Ahmed Haddad,United Arab Emirates
CP27044,Omar Brown,Canada
CP27045,Hassan Mansour,United Kingdom
CP27046,Omar Volkov,Russia
CP27047,Sara Volkov,Canada
CP27048,Ivan Wang,Iran
CP27049,Nikolai Mansour,North Korea
CP27050,Sergei Ivanov,Belarus
CP27051,Mohammed Mansour,Nigeria
CP27052,Sergei Mansour,Russia
CP27053,Farid Rahimi,Belarus
CP27054,Mark Nouri,Belarus
CP27055,Peter Al Rashid,India
CP27056,Samir Brown,United Kingdom
CP27057,Farid Rahimi,Russia
CP27058,Yousef Volkov,Mexico
CP27059,Ivan Nouri,Syria
CP27060,Nikolai Mansour,Syria
CP27061,Ahmed Brown,Nigeria
CP27062,Omar Sokolov,United States
CP27063,Ivan Mansour,Belarus
CP27064,Anna Volkov,India
CP27065,Nikolai Lee,Russia
CP27066,Ali Zhang,Mexico
CP27067,Omar Petrov,India
CP27068,Sara Hosseini,India
CP27069,Reza Brown,Nigeria
CP27070,Karim Petrov,Nigeria
CP27071,Anna Wilson,Belarus
CP27072,Mark Khalil,Iran
CP27073,Ahmed Rahimi,Syria
CP27074,Mark Brown,Syria
CP27075,Ivan Ivanov,Nigeria
CP27076,Nikolai Petrov,Russia
CP27077,Yousef Wang,Syria
CP27078,Anna Wilson,Belarus
CP27079,Karim Hosseini,United States
CP27080,Farid Smith,Nigeria
CP27081,Ivan Rahimi,United Kingdom
CP27082,Sara Hosseini,United States
CP27083,Wei Petrov,United Kingdom
CP27084,Farid Ivanov,Iran
CP27085,Samir Petrov,United Arab Emirates
CP27086,Viktor Wilson,Russia
CP27087,Hassan Al Rashid,Iran
CP27088,Hassan Hosseini,Syria
CP27089,Viktor Ivanov,Syria
CP27090,Mark Ivanov,United Arab Emirates
CP27091,Samir Wilson,Canada
CP27092,Hassan Lee,United States
CP27093,Ahmed Hosseini,United Arab Emirates
CP27094,Jin Petrov,Russia
CP27095,Viktor Petrov,Belarus
CP27096,Sergei Rahimi,Iran
CP27097,Karim Wang,Mexico
CP27098,Omar Hosseini,Syria
CP27099,Anna Haddad,Nigeria
CP27100,Jin Sokolov,United States
CP27101,Mark Volkov,Russia
CP27102,Hassan Lee,Turkey
CP27103,Wei Wilson,Russia
CP27104,Ali Haddad,United Kingdom
CP27105,Sara Nouri,Belarus
CP27106,Jin Petrov,United Arab Emirates
CP27107,Omar Haddad,United Kingdom
CP27108,Samir Ivanov,Turkey
CP27109,Hassan Nouri,Iran
CP27110,Mark Ivanov,United Arab Emirates
CP27111,Sergei Brown,Mexico
CP27112,Farid Haddad,Canada
CP27113,Ivan Nouri,United Kingdom
CP27114,Sergei Brown,Canada
CP27115,Mark Nouri,Canada
CP27116,Reza Ivanov,Canada
CP27117,Wei Khalil,Syria
CP27118,Ali Sokolov,Iran
CP27119,Reza Khalil,Mexico
CP27120,John Smith,United Kingdom
CP27121,Jin Haddad,Iran
CP27122,Jin Ivanov,Nigeria
CP27123,Hassan Brown,United States
CP27124,Hassan Volkov,Mexico
CP27125,Ivan Wang,United States
CP27126,Jin Sokolov,United Arab Emirates
CP27127,Ali Brown,United States
CP27128,Nikolai Wilson,Canada
CP27129,Samir Al Rashid,Iran
CP27130,Karim Rahimi,Turkey
CP27131,Mark Haddad,Turkey
CP27132,Wei Petrov,Canada
CP27133,Viktor Wang,Belarus
CP27134,Anna Khalil,United States
CP27135,Omar Mansour,Canada
CP27136,Farid Brown,United Kingdom
CP27137,Ivan Ivanov,United Arab Emirates
CP27138,Karim Sokolov,Syria
CP27139,Nikolai Lee,India
CP27140,Viktor Hosseini,India
CP27141,Reza Brown,Canada
CP27142,Omar Nouri,Mexico
CP27143,Sara Zhang,Canada
CP27144,Ali Nouri,United States
CP27145,Karim Rahimi,Syria
CP27146,Nikolai Haddad,United Kingdom
CP27147,Viktor Nouri,Syria
CP27148,Wei Volkov,Belarus
CP27149,Wei Hosseini,Turkey
CP27150,Karim Hosseini,United Kingdom
CP27151,Nikolai Ivanov,United States
CP27152,Sara Al Rashid,United States
CP27153,Ali Al Rashid,Syria
CP27154,Yousef Petrov,Canada
CP27155,Viktor Sokolov,Syria
CP27156,Jin Haddad,United States
CP27157,Sergei Khalil,Turkey
CP27158,Sergei Volkov,Russia
CP27159,Omar Volkov,United Kingdom
CP27160,Ivan Hosseini,Nigeria
CP27161,Yousef Rahimi,United States
CP27162,Wei Sokolov,United Arab Emirates
CP27163,Sergei Mansour,India
CP27164,Hassan Wang,Turkey
CP27165,John Lee,Iran
CP27166,Sara Nouri,India
CP27167,Samir Ivanov,Mexico
CP27168,Samir Petrov,Turkey
CP27169,Ivan Lee,Canada
CP27170,Anna Wilson,United States
CP27171,Viktor Wang,Mexico
CP27172,Yousef Rahimi,Russia
CP27173,John Rahimi,Belarus
CP27174,Ali Al Rashid,India
CP27175,Ali Ivanov,Turkey
CP27176,John Brown,Turkey
CP27177,Karim Petrov,Turkey
CP27178,Ivan Volkov,Belarus
CP27179,Ahmed Smith,United Kingdom
CP27180,Ivan Wilson,Canada
CP27181,Reza Nouri,Syria
CP27182,Ivan Al Rashid,United Kingdom
CP27183,Anna Khalil,Nigeria
CP27184,Reza Mansour,Mexico
CP27185,Ahmed Haddad,Iran
CP27186,Jin Sokolov,United States
CP27187,Viktor Karimi,Russia
CP27188,Anna Lee,Canada
CP27189,Sara Al Rashid,United Kingdom
CP27190,Ivan Sokolov,Nigeria
CP27191,Mark Sokolov,Russia
CP27192,Anna Nouri,Iran
CP27193,Sergei Petrov,United States
CP27194,Farid Volkov,Turkey
CP27195,Ivan Nouri,United Arab Emirates
CP27196,Omar Sokolov,United States
CP27197,Sergei Karimi,Syria
CP27198,Peter Mansour,India
CP27199,Sergei Smith,United States
CP27200,Wei Nouri,Belarus
CP27201,Karim Zhang,Mexico
CP27202,Sara Wilson,Syria
CP27203,Nikolai Zhang,Nigeria
CP27204,Sergei Volkov,Mexico
CP27205,Nikolai Nouri,Belarus
CP27206,Yousef Al Rashid,Nigeria
CP27207,Reza Al Rashid,Belarus
CP27208,Wei Hosseini,United Kingdom
CP27209,Karim Haddad,United Arab Emirates
CP27210,Nikolai Khalil,Mexico
CP27211,Mark Wilson,United Arab Emirates
CP27212,Wei Sokolov,Turkey
CP27213,Mark Zhang,Canada
CP27214,Jin Hosseini,Turkey
CP27215,Sara Volkov,India
CP27216,Jin Nouri,Syria
CP27217,Jin Al Rashid,United Kingdom
CP27218,Karim Hosseini,Mexico
CP27219,Ahmed Volkov,Iran
CP27220,Omar Zhang,Canada
CP27221,Ivan Sokolov,United Kingdom
CP27222,Peter Wang,United Arab Emirates
CP27223,John Volkov,Iran
CP27224,Mohammed Nouri,Belarus
CP27225,John Mansour,Mexico
CP27226,Sara Brown,Russia
CP27227,Karim Brown,Turkey
CP27228,Ivan Karimi,Syria
CP27229,Sara Khalil,Russia
CP27230,Viktor Ivanov,Russia
CP27231,Peter Rahimi,Mexico
CP27232,Ivan Brown,Turkey
CP27233,Karim Mansour,Canada
CP27234,Anna Brown,Syria
CP27235,Wei Petrov,Russia
CP27236,Jin Khalil,Nigeria
CP27237,Hassan Ivanov,Syria
CP27238,Anna Lee,Syria
CP27239,Yousef Hosseini,Belarus
CP27240,Farid Zhang,Belarus
CP27241,Peter Zhang,Mexico
CP27242,Peter Wilson,United Kingdom
CP27243,Viktor Petrov,Canada
CP27244,Samir Ivanov,Turkey
CP27245,Farid Wang,India
CP27246,Peter Smith,Nigeria
CP27247,Karim Brown,Mexico
CP27248,Reza Wilson,Mexico
CP27249,John Zhang,India
CP27250,Ivan Rahimi,Iran
CP27251,Ahmed Al Rashid,Belarus
CP27252,Mohamed Karimi,Iran
CP27253,Yousef Wang,India
CP27254,Reza Ivanov,Russia
CP27255,Ahmed Brown,Iran
CP27256,Omar Brown,United Kingdom
CP27257,Jin Karimi,Mexico
CP27258,Nikolai Al Rashid,United States
CP27259,Omar Ivanov,India
CP27260,Viktor Smith,Russia
CP27261,Sergei Smith,United States
CP27262,Peter Ivanov,Turkey
CP27263,Farid Karimi,Mexico
CP27264,Viktor Brown,United Arab Emirates
CP27265,Sergei Ivanov,Nigeria
CP27266,John Haddad,India
CP27267,John Khalil,Turkey
CP27268,Ahmed Brown,Russia
CP27269,Farid Ivanov,Nigeria
CP27270,Nikolai Petrov,Iran
CP27271,Reza Ivanov,United States
CP27272,Reza Volkov,Canada
CP27273,Reza Haddad,Iran
CP27274,Samir Wilson,Mexico
CP27275,Peter Khalil,Mexico
CP27276,Ahmed Rahimi,Belarus
CP27277,Omar Rahimi,Turkey
CP27278,Omar Wang,Turkey
CP27279,Peter Smith,India
CP27280,Viktor Petrov,Nigeria
CP27281,Nikolai Wang,Syria
CP27282,Sara Khalil,Turkey
CP27283,Wei Sokolov,Russia
CP27284,Yousef Sokolov,Turkey
CP27285,Omar Hosseini,Syria
CP27286,Ivan Lee,India
CP27287,Samir Lee,United Arab Emirates
CP27288,Mohammed Ivanov,Nigeria
CP27289,Wei Mansour,Iran
CP27290,Jin Nouri,Syria
CP27291,Viktor Smith,United Kingdom
CP27292,Jin Karimi,Canada
CP27293,Mark Ivanov,Syria
CP27294,Samir Haddad,Russia
CP27295,Samir Volkov,Russia
CP27296,Yousef Smith,United States
CP27297,Ali Rahimi,Mexico
CP27298,Nikolai Nouri,India
CP27299,Viktor Mansour,Iran
CP27300,Wei Lee,India
CP27301,Sergei Nouri,Belarus
CP27302,Viktor Al Rashid,Nigeria
CP27303,Jin Lee,Syria
CP27304,Hassan Haddad,United Kingdom
CP27305,Farid Nouri,Russia
CP27306,Jin Ivanov,Canada
CP27307,Peter Karimi,Iran
CP27308,Yousef Wilson,United Kingdom
CP27309,Peter Zhang,Belarus
CP27310,Mohammed Mansour,Nigeria
CP27311,Omar Wilson,Syria
CP27312,Mohammed Brown,Mexico
CP27313,Hassan Lee,Iran
CP27314,Farid Wilson,Iran
CP27315,Ahmed Sokolov,Russia
CP27316,Reza Smith,Russia
CP27317,Farid Petrov,Nigeria
CP27318,Nikolai Haddad,Russia
CP27319,Samir Petrov,Belarus
CP27320,Farid Khalil,United States
CP27321,Sergei Smith,United Arab Emirates
CP27322,Karim Hosseini,United States
CP27323,Reza Volkov,United Arab Emirates
CP27324,Farid Smith,India
CP27325,Anna Brown,Canada
CP27326,Karim Sokolov,Canada
CP27327,Sergei Al Rashid,Belarus
CP27328,Ivan Petrov,Canada
CP27329,John Al Rashid,Russia
CP27330,Anna Al Rashid,United Arab Emirates
CP27331,Ahmed Hosseini,United Arab Emirates
CP27332,Anna Mansour,Nigeria
CP27333,Karim Nouri,Nigeria
CP27334,Reza Sokolov,Turkey
CP27335,Viktor Karimi,Iran
CP27336,Farid Karimi,Syria
CP27337,Jin Petrov,Russia
CP27338,Mark Mansour,United States
CP27339,Samir Wilson,Mexico
CP27340,Wei Khalil,United States
CP27341,Mark Smith,Iran
CP27342,Ali Brown,Mexico
CP27343,Jin Karimi,Russia
CP27344,Nikolai Smith,Nigeria
CP27345,Nikolai Mansour,Mexico
CP27346,Nikolai Rahimi,Russia
CP27347,Ali Karimi,Mexico
CP27348,Farid Wang,Mexico
CP27349,Omar Nouri,Nigeria
CP27350,Sara Al Rashid,Nigeria
CP27351,Ahmed Khalil,Syria
CP27352,Viktor Rahimi,Syria
CP27353,John Lee,Canada
CP27354,Ahmed Haddad,Nigeria
CP27355,John Smith,Belarus
CP27356,Yousef Ivanov,Syria
CP27357,Karim Volkov,Syria
CP27358,John Sokolov,India
CP27359,Ahmed Sokolov,United Arab Emirates
CP27360,Ivan Sokolov,India
CP27361,Sergei Volkov,Turkey
CP27362,Ivan Sokolov,Nigeria
CP27363,Mohammed Mansour,Russia
CP27364,Farid Al Rashid,United Arab Emirates
CP27365,Ahmed Wang,United Kingdom
CP27366,Viktor Wilson,Mexico
CP27367,Yousef Wilson,Nigeria
CP27368,Yousef Wang,Belarus
CP27369,John Rahimi,United States
CP27370,Peter Petrov,India
CP27371,Yousef Karimi,India
CP27372,Mohammed Sokolov,Iran
CP27373,John Hosseini,Belarus
CP27374,Nikolai Karimi,Syria
CP27375,Ahmed Lee,Nigeria
CP27376,Mark Mansour,Mexico
CP27377,Samir Brown,Nigeria
CP27378,Sara Sokolov,Syria
CP27379,Nikolai Zhang,Iran
CP27380,John Petrov,Belarus
CP27381,Ali Hosseini,United Kingdom
CP27382,Nikolai Volkov,Mexico
CP27383,Jin Khalil,United Arab Emirates
CP27384,Reza Brown,Belarus
CP27385,Ivan Petrov,India
CP27386,Jin Sokolov,United Arab Emirates
CP27387,Hassan Smith,Canada
CP27388,John Mansour,India
CP27389,Nikolai Wilson,Turkey
CP27390,Karim Smith,United Arab Emirates
CP27391,Viktor Sokolov,Russia
CP27392,Farid Nouri,United Arab Emirates
CP27393,Sara Volkov,Nigeria
CP27394,Mohammed Ivanov,Russia
CP27395,Reza Wilson,Nigeria
CP27396,Mark Al Rashid,India
CP27397,Nikolai Volkov,Mexico
CP27398,Samir Volkov,Nigeria
CP27399,Ali Volkov,United Arab Emirates
CP27400,Jin Rahimi,United States
CP27401,Hassan Wang,Russia
CP27402,Ivan Volkov,United States
CP27403,Hassan Karimi,Syria
CP27404,Ali Rahimi,Syria
CP27405,Mark Rahimi,United States
CP27406,Hassan Wilson,Iran
CP27407,Jin Lee,United States
CP27408,Mark Sokolov,Belarus
CP27409,Nikolai Petrov,United States
CP27410,Peter Sokolov,Canada
CP27411,Ivan Rahimi,United States
CP27412,Ivan Brown,India
CP27413,Karim Mansour,Mexico
CP27414,John Smith,Mexico
CP27415,Ali Al Rashid,Mexico
CP27416,Farid Wilson,Belarus
CP27417,Peter Nouri,Syria
CP27418,Mark Hosseini,United Arab Emirates
CP27419,Sergei Brown,Belarus
CP27420,Sergei Wang,Nigeria
CP27421,Omar Rahimi,Canada
CP27422,Mohammed Sokolov,Syria
CP27423,Nikolai Hosseini,United States
CP27424,Sergei Petrov,United Kingdom
CP27425,Omar Karimi,Nigeria
CP27426,Omar Khalil,Mexico
CP27427,Karim Zhang,Mexico
CP27428,Nikolai Zhang,United Kingdom
CP27429,Ivan Ivanov,United States
CP27430,Nikolai Nouri,Canada
CP27431,Jin Smith,Iran
CP27432,Karim Khalil,Mexico
CP27433,Nikolai Wang,Iran
CP27434,Nikolai Mansour,United States
CP27435,Samir Ivanov,Nigeria
CP27436,Mark Haddad,Canada
CP27437,Sara Wang,United Arab Emirates
CP27438,Ali Nouri,Russia
CP27439,Hassan Wilson,Nigeria
CP27440,Wei Wilson,Syria
CP27441,Karim Al-Rashid,Iran
CP27442,Sergei Mansour,Nigeria
CP27443,Sara Mansour,Mexico
CP27444,Ali Al Rashid,Mexico
CP27445,Reza Nouri,Canada
CP27446,Jin Mansour,United Arab Emirates
CP27447,Karim Wilson,Russia
CP27448,Hassan Brown,Turkey
CP27449,Samir Karimi,Russia
CP27450,Peter Ivanov,Belarus
CP27451,Nikolai Karimi,Iran
CP27452,Ivan Nouri,Russia
CP27453,Peter Zhang,United Arab Emirates
CP27454,Mohammed Khalil,India
CP27455,Reza Hosseini,Russia
CP27456,Anna Ivanov,Iran
CP27457,Anna Sokolov,United Arab Emirates
CP27458,Yousef Wilson,Russia
CP27459,Mohammed Al Rashid,Nigeria
CP27460,Samir Petrov,Mexico
CP27461,Viktor Volkov,India
CP27462,Peter Karimi,Canada
CP27463,Samir Wang,Russia
CP27464,Ivan Karimi,Mexico
CP27465,Mark Petrov,United Arab Emirates
CP27466,Sara Hosseini,Nigeria
CP27467,Wei Al Rashid,Russia
CP27468,Sara Nouri,Mexico
CP27469,Hassan Mansour,United States
CP27470,Omar Lee,Nigeria
CP27471,Viktor Rahimi,Nigeria
CP27472,Karim Haddad,Turkey
CP27473,Karim Mansour,United Kingdom
CP27474,Omar Sokolov,Mexico
CP27475,Yousef Volkov,Nigeria
CP27476,Hassan Sokolov,Syria
CP27477,Peter Nouri,Russia
CP27478,Peter Haddad,India
CP27479,Ali Petrov,Turkey
CP27480,Hassan Petrov,Turkey
CP27481,Hassan Lee,United States
CP27482,Ahmed Zhang,Russia
CP27483,Sara Brown,United Kingdom
CP27484,Wei Lee,United States
CP27485,Mohammed Smith,Russia
CP27486,Ivan Lee,Belarus
CP27487,Farid Wilson,Russia
CP27488,Mohammed Lee,Syria
CP27489,Hassan Lee,Russia
CP27490,Nikolai Rahimi,United Kingdom
CP27491,Ali Mansour,Turkey
CP27492,Ivan Khalil,Belarus
CP27493,Sara Ivanov,Nigeria
CP27494,Ivan Wang,Mexico
CP27495,Ivan Petrov,Turkey
CP27496,Sara Karimi,United Arab Emirates
CP27497,Sergei Al Rashid,Iran
CP27498,Yousef Khalil,Russia
CP27499,Mohamed Wang,Syria
CP27500,Mark Volkov,Iran
CP27501,Anna Karimi,Nigeria
CP27502,Samir Ivanov,Canada
CP27503,Samir Smith,Nigeria
CP27504,Omar Sokolov,Turkey
CP27505,Jin Zhang,Syria
CP27506,Peter Sokolov,Turkey
CP27507,Mohammed Al Rashid,United Arab Emirates
CP27508,Omar Hosseini,Canada
CP27509,Reza Volkov,Syria
CP27510,Sara Mansour,Iran
CP27511,Viktor Hosseini,India
CP27512,Ivan Haddad,India
CP27513,Mohammed Wang,Turkey
CP27514,Jin Brown,Iran
CP27515,Mohammed Al Rashid,United Arab Emirates
CP27516,Jin Brown,United States
CP27517,Wei Wilson,Mexico
CP27518,Yousef Sokolov,Russia
CP27519,Farid Nouri,India
CP27520,Nikolai Sokolov,United Arab Emirates
CP27521,Mohammed Sokolov,Russia
CP27522,Ahmed Haddad,Belarus
CP27523,Mark Smith,Iran
CP27524,Farid Rahimi,Canada
CP27525,Sara Ivanov,India
CP27526,Ivan Mansour,Russia
CP27527,Jin Lee,Iran
CP27528,Ivan Zhang,Belarus
CP27529,Nikolai Brown,United Arab Emirates
CP27530,Wei Al Rashid,India
CP27531,Sara Khalil,Nigeria
CP27532,Hassan Al Rashid,United States
CP27533,Viktor Al Rashid,Belarus
CP27534,Ali Haddad,Mexico
CP27535,John Haddad,Belarus
CP27536,Ali Mansour,Russia
CP27537,Ahmed Al Rashid,United States
CP27538,Viktor Petrov,Turkey
CP27539,Ivan Rahimi,Belarus
CP27540,Hassan Al Rashid,Nigeria
CP27541,Sergei Smith,India
CP27542,Nikolai Karimi,Iran
CP27543,Sergei Brown,Belarus
CP27544,Wei Volkov,Mexico
CP27545,Ahmed Volkov,Canada
CP27546,Nikolai Smith,Turkey
CP27547,Omar Karimi,United Kingdom
CP27548,Omar Wang,United Arab Emirates
CP27549,Wei Smith,India
CP27550,Ahmed Khalil,Canada
CP27551,Farid Ivanov,Syria
CP27552,Karim Al Rashid,United States
CP27553,Omar Al Rashid,Russia
CP27554,Wei Smith,Iran
CP27555,Samir Zhang,Nigeria
CP27556,Viktor Smith,Mexico
CP27557,Farid Zhang,India
CP27558,Wei Smith,Syria
CP27559,Reza Petrov,Iran
CP27560,Mohammed Lee,Russia
CP27561,Farid Volkov,Iran
CP27562,Ahmed Hosseini,India
CP27563,Wei Smith,Iran
CP27564,Samir Volkov,United States
CP27565,Farid Wilson,Mexico
CP27566,Mark Karimi,Iran
CP27567,Ahmed Petrov,Belarus
CP27568,Ali Brown,Nigeria
CP27569,Samir Khalil,Syria
CP27570,Sergei Zhang,Nigeria
CP27571,Ahmed Brown,United Kingdom
CP27572,Peter Haddad,Mexico
CP27573,Ivan Khalil,Russia
CP27574,Farid Nouri,Syria
CP27575,Viktor Ivanov,Iran
CP27576,Samir Al Rashid,Mexico
CP27577,John Nouri,Russia
CP27578,Ivan Zhang,Russia
CP27579,Yousef Ivanov,Mexico
CP27580,Sara Sokolov,Mexico
CP27581,Sergei Ivanov,United Arab Emirates
CP27582,Jin Karimi,Canada
CP27583,Mohammed Brown,Canada
CP27584,Omar Khalil,Mexico
CP27585,Jin Mansour,Nigeria
CP27586,Ahmed Zhang,Mexico
CP27587,Viktor Wang,United Kingdom
CP27588,Sara Haddad,Belarus
CP27589,Sergei Volkov,Mexico
CP27590,Ahmed Mansour,Iran
CP27591,Ivan Petrov,Turkey
CP27592,Omar Wang,Nigeria
CP27593,Viktor Al Rashid,Canada
CP27594,Wei Ivanov,India
CP27595,Peter Al Rashid,Mexico
CP27596,Hassan Wang,Mexico
CP27597,Samir Al Rashid,United Arab Emirates
CP27598,Anna Al Rashid,Syria
CP27599,John Volkov,United Kingdom
CP27600,Ahmed Petrov,Nigeria
CP27601,Viktor Mansour,India
CP27602,Yousef Haddad,United States
CP27603,Ali Al Rashid,Canada
CP27604,Mohammed Nouri,India
CP27605,Ahmed Haddad,Nigeria
CP27606,John Wilson,United Arab Emirates
CP27607,Ivan Karimi,Syria
CP27608,Farid Volkov,Iran
CP27609,Ali Hosseini,Russia
CP27610,Ahmed Al Rashid,Nigeria
CP27611,Yousef Petrov,Russia
CP27612,Anna Wilson,United Arab Emirates
CP27613,Ivan Haddad,Russia
CP27614,Peter Wang,Syria
CP27615,John Smith,Nigeria
CP27616,Mohammed Nouri,Nigeria
CP27617,Ivan Rahimi,United States
CP27618,Sergei Brown,Syria
CP27619,Omar Wilson,Syria
CP27620,Wei Ivanov,United Arab Emirates
CP27621,Farid Ivanov,India
CP27622,Anna Nouri,United States
CP27623,Wei Volkov,India
CP27624,Wei Wilson,Turkey
CP27625,Omar Wilson,United Arab Emirates
CP27626,Anna Sokolov,United Kingdom
CP27627,Ali Wilson,Russia
CP27628,Ivan Karimi,Mexico
CP27629,Mark Mansour,Syria
CP27630,Hassan Lee,India
CP27631,Mohammed Smith,United Arab Emirates
CP27632,Wei Karimi,India
CP27633,Ivan Hosseini,United States
CP27634,Viktor Smith,Canada
CP27635,Omar Haddad,United Arab Emirates
CP27636,Peter Nouri,India
CP27637,Hassan Petrov,Turkey
CP27638,John Mansour,United States
CP27639,Peter Khalil,United Kingdom
CP27640,Mark Petrov,United Kingdom
CP27641,Ali Smith,Russia
CP27642,Yousef Wilson,Iran
CP27643,Hassan Mansour,United Arab Emirates
CP27644,Anna Lee,India
CP27645,Mark Haddad,Canada
CP27646,Sara Sokolov,Nigeria
CP27647,Mark Sokolov,Nigeria
CP27648,Jin Volkov,Belarus
CP27649,Jin Rahimi,Syria
CP27650,Sara Nouri,Syria
CP27651,Jin Smith,Russia
CP27652,Jin Petrov,Turkey
CP27653,Mohammed Petrov,Nigeria
CP27654,Farid Khalil,United States
CP27655,Karim Lee,United Kingdom
CP27656,Sergei Volkov,United Kingdom
CP27657,Omar Hosseini,India
CP27658,Mark Smith,Iran
CP27659,Anna Brown,United Kingdom
CP27660,Peter Smith,Canada
CP27661,Hassan Smith,Iran
CP27662,Farid Wang,Russia
CP27663,Mark Hosseini,Mexico
CP27664,Mark Smith,United States
CP27665,John Lee,Mexico
CP27666,Mohammed Petrov,United Kingdom
CP27667,Samir Rahimi,Mexico
CP27668,Reza Karimi,United Arab Emirates
CP27669,Peter Petrov,Russia
CP27670,Samir Nouri,Canada
CP27671,Nikolai Haddad,India
CP27672,Wei Haddad,United Arab Emirates
CP27673,Jin Wang,United Arab Emirates
CP27674,Karim Haddad,Belarus
CP27675,Wei Al Rashid,United Kingdom
CP27676,Sergei Lee,Turkey
CP27677,Hassan Karimi,Iran
CP27678,Jin Rahimi,United Arab Emirates
CP27679,Mohammed Haddad,Turkey
CP27680,Nikolai Ivanov,Canada
CP27681,Farid Khalil,United Arab Emirates
CP27682,Ivan Brown,United Kingdom
CP27683,Jin Mansour,Canada
CP27684,Nikolai Wang,Canada
CP27685,Samir Al Rashid,Iran
CP27686,John Rahimi,United Kingdom
CP27687,Farid Karimi,United Arab Emirates
CP27688,Nikolai Smith,Iran
CP27689,John Hosseini,Nigeria
CP27690,Hassan Haddad,India
CP27691,Peter Rahimi,Canada
CP27692,Mohammed Zhang,Mexico
CP27693,Anna Mansour,Nigeria
CP27694,Samir Smith,Syria
CP27695,Ahmed Volkov,India
CP27696,Reza Lee,United Arab Emirates
CP27697,Hassan Smith,Turkey
CP27698,Sergei Karimi,Belarus
CP27699,Mark Nouri,United States
CP27700,Ali Ivanov,United States
CP27701,Sara Petrov,Russia
CP27702,Karim Mansour,Canada
CP27703,John Petrov,Iran
CP27704,Ahmed Haddad,Russia
CP27705,Jin Wilson,Syria
CP27706,Samir Ivanov,United States
CP27707,Reza Wang,Belarus
CP27708,Reza Rahimi,United States
CP27709,Omar Rahimi,Iran
CP27710,Farid Mansour,Russia
CP27711,Anna Zhang,United Arab Emirates
CP27712,Ahmed Zhang,Turkey
CP27713,Reza Wilson,Nigeria
CP27714,Hassan Brown,United Kingdom
CP27715,Viktor Zhang,Mexico
CP27716,Ivan Al Rashid,India
CP27717,Ahmed Ivanov,India
CP27718,Mohammed Mansour,Nigeria
CP27719,Wei Rahimi,Mexico
CP27720,Peter Karimi,Russia
CP27721,Samir Petrov,Belarus
CP27722,Hassan Wang,United Arab Emirates
CP27723,Ali Volkov,Turkey
CP27724,Wei Petrov,Belarus
CP27725,Omar Mansour,Iran
CP27726,Omar Mansour,Nigeria
CP27727,Sergei Ivanov,Russia
CP27728,Anna Haddad,United Arab Emirates
CP27729,Sergei Wang,Canada
CP27730,Reza Khalil,Canada
CP27731,Anna Wang,United States
CP27732,Sergei Hosseini,Turkey
CP27733,John Nouri,Mexico
CP27734,Karim Wilson,United Arab Emirates
CP27735,Karim Al Rashid,Iran
CP27736,Anna Hosseini,India
CP27737,Peter Petrov,Mexico
CP27738,Jin Ivanov,Canada
CP27739,Ahmed Lee,United Kingdom
CP27740,Hassan Wang,Belarus
CP27741,Peter Brown,Canada
CP27742,Reza Haddad,Russia
CP27743,Mark Sokolov,Belarus
CP27744,Sara Wang,Belarus
CP27745,Anna Karimi,Nigeria
CP27746,Nikolai Brown,United Arab Emirates
CP27747,Mohammed Nouri,Nigeria
CP27748,Jin Al Rashid,Nigeria
CP27749,Omar Mansour,Syria
CP27750,Sara Al Rashid,Canada
CP27751,Karim Mansour,Belarus
CP27752,Wei Petrov,Turkey
CP27753,John Hosseini,Syria
CP27754,Farid Volkov,Russia
CP27755,Sergei Nouri,Canada
CP27756,Yousef Petrov,United States
CP27757,Ali Rahimi,United States
CP27758,John Petrov,United States
CP27759,Ivan Petrov,Syria
CP27760,John Nouri,Russia
CP27761,Hassan Haddad,Mexico
CP27762,Ahmed Al Rashid,United States
CP27763,Anna Sokolov,United States
CP27764,Mohammed Haddad,Canada
CP27765,Anna Wang,Turkey
CP27766,Hassan Petrov,Turkey
CP27767,Ivan Nouri,India
CP27768,Mark Hosseini,Turkey
CP27769,Ahmed Nouri,Iran
CP27770,Viktor Khalil,Russia
CP27771,Peter Khalil,United Kingdom
CP27772,Anna Khalil,Belarus
CP27773,Mohammed Wilson,Canada
CP27774,Mark Khalil,Syria
CP27775,Hassan Haddad,Belarus
CP27776,Sara Karimi,Russia
CP27777,Sara Al Rashid,Turkey
CP27778,Karim Mansour,United Kingdom
CP27779,Ali Wang,Russia
CP27780,Peter Volkov,United Kingdom
CP27781,Farid Petrov,Belarus
CP27782,Mohammed Hosseini,Belarus
CP27783,Anna Nouri,Syria
CP27784,Ahmed Karimi,Syria
CP27785,Sergei Zhang,Russia
CP27786,Reza Mansour,Turkey
CP27787,Mark Lee,Belarus
CP27788,Sergei Sokolov,United States
CP27789,Peter Brown,United Arab Emirates
CP27790,Wei Ivanov,Syria
CP27791,Ali Haddad,Iran
CP27792,Wei Volkov,Mexico
CP27793,Peter Rahimi,Russia
CP27794,Viktor Nouri,Syria
CP27795,Anna Karimi,Syria
CP27796,Jin Al Rashid,India
CP27797,Anna Brown,India
CP27798,Nikolai Rahimi,Iran
CP27799,Jin Wang,Nigeria
CP27800,Sara Petrov,Russia
CP27801,Karim Zhang,Turkey
CP27802,Jin Karimi,Russia
CP27803,Ali Haddad,Russia
CP27804,Nikolai Wilson,Iran
CP27805,Omar Karimi,Syria
CP27806,Peter Khalil,Turkey
CP27807,Nikolai Sokolov,United Kingdom
CP27808,Viktor Zhang,Syria
CP27809,Peter Sokolov,Nigeria
CP27810,Samir Wang,Turkey
CP27811,Nikolai Al Rashid,Canada
CP27812,Anna Petrov,Mexico
CP27813,Reza Wang,Russia
CP27814,Wei Sokolov,India
CP27815,Karim Haddad,Belarus
CP27816,Mark Petrov,India
CP27817,John Khalil,Russia
CP27818,Anna Khalil,United Kingdom
CP27819,Nikolai Wilson,Nigeria
CP27820,John Zhang,Iran
CP27821,Samir Ivanov,Belarus
CP27822,Ali Ivanov,United Kingdom
CP27823,Karim Sokolov,Canada
CP27824,Peter Al Rashid,Iran
CP27825,Ivan Sokolov,Russia
CP27826,Wei Karimi,United Kingdom
CP27827,Wei Khalil,United States
CP27828,Ahmed Lee,United Arab Emirates
CP27829,Karim Haddad,Russia
CP27830,Peter Ivanov,India
CP27831,Reza Brown,Iran
CP27832,Mark Sokolov,India
CP27833,Mark Rahimi,United Kingdom
CP27834,Sara Haddad,United Arab Emirates
CP27835,Karim Khalil,Turkey
CP27836,Anna Karimi,United Arab Emirates
CP27837,Peter Hosseini,Belarus
CP27838,John Khalil,Belarus
CP27839,Sergei Petrov,Belarus
CP27840,Karim Smith,Mexico
CP27841,Mark Brown,India
CP27842,Nikolai Volkov,Mexico
CP27843,Ahmed Nouri,Iran
CP27844,Ali Ivanov,Nigeria
CP27845,Viktor Mansour,Nigeria
CP27846,Wei Smith,United Arab Emirates
CP27847,Wei Hosseini,Mexico
CP27848,Hassan Mansour,India
CP27849,Reza Karimi,Syria
CP27850,Ivan Lee,Russia
CP27851,Yousef Sokolov,Canada
CP27852,Ali Al Rashid,United States
CP27853,Mohammed Rahimi,Nigeria
CP27854,Mohammed Karimi,Russia
CP27855,Ahmed Petrov,Nigeria
CP27856,Reza Wilson,Turkey
CP27857,Sergei Wang,India
CP27858,Karim Volkov,North Korea
CP27859,Mohammed Zhang,United Arab Emirates
CP27860,Sara Lee,Russia
CP27861,Samir Brown,Canada
CP27862,Hassan Sokolov,Mexico
CP27863,Wei Mansour,Iran
CP27864,Hassan Brown,Syria
CP27865,Yousef Petrov,Iran
CP27866,Samir Sokolov,Belarus
CP27867,Ivan Wang,India
CP27868,Yousef Ivanov,Turkey
CP27869,Omar Nouri,Canada
CP27870,Samir Ivanov,North Korea
CP27871,Mark Zhang,United States
CP27872,Sara Karimi,India
CP27873,Peter Haddad,Russia
CP27874,Sara Haddad,Nigeria
CP27875,Jin Nouri,Turkey
CP27876,Jin Ivanov,Mexico
CP27877,Karim Nouri,United Kingdom
CP27878,Anna Wilson,Russia
CP27879,Peter Wang,Syria
CP27880,Ahmed Volkov,Russia
CP27881,Sara Zhang,Canada
CP27882,Hassan Karimi,Belarus
CP27883,Hassan Wilson,Canada
CP27884,Omar Wang,Belarus
CP27885,Peter Lee,Iran
CP27886,Nikolai Khalil,Nigeria
CP27887,Reza Haddad,United Arab Emirates
CP27888,Mark Zhang,India
CP27889,Sergei Hosseini,India
CP27890,Viktor Ivanov,United Arab Emirates
CP27891,Hassan Brown,Russia
CP27892,John Al Rashid,India
CP27893,Hassan Wilson,Russia
CP27894,Mohammed Ivanov,Mexico
CP27895,Wei Karimi,Iran
CP27896,Ahmed Karimi,India
CP27897,Reza Mansour,India
CP27898,Ahmed Lee,United States
CP27899,Nikolai Smith,Belarus
CP27900,John Volkov,Mexico
CP27901,Peter Mansour,Turkey
CP27902,Hassan Nouri,Syria
CP27903,Peter Rahimi,Syria
CP27904,Farid Zhang,Russia
CP27905,Jin Karimi,Russia
CP27906,Reza Al Rashid,Belarus
CP27907,Mohammed Mansour,Iran
CP27908,Reza Volkov,Belarus
CP27909,Peter Al Rashid,Mexico
CP27910,John Smith,Canada
CP27911,Peter Wilson,United States
CP27912,Farid Smith,United Arab Emirates
CP27913,Hassan Rahimi,Turkey
CP27914,Sara Volkov,India
CP27915,Sara Hosseini,Canada
CP27916,Nikolai Ivanov,United States
CP27917,Wei Smith,Syria
CP27918,Wei Volkov,United States
CP27919,Karim Rahimi,Syria
CP27920,Viktor Zhang,India
CP27921,Reza Ivanov,Nigeria
CP27922,Sara Wang,Nigeria
CP27923,Farid Sokolov,Turkey
CP27924,Omar Smith,Mexico
CP27925,Wei Sokolov,United Kingdom
CP27926,Peter Al Rashid,United Kingdom
CP27927,John Lee,Russia
CP27928,Sergei Hosseini,United Kingdom
CP27929,Ivan Volkov,Mexico
CP27930,Hassan Wilson,Canada
CP27931,Peter Nouri,Mexico
CP27932,Ahmed Ivanov,Canada
CP27933,Sara Nouri,India
CP27934,Sergei Haddad,Nigeria
CP27935,Reza Khalil,United Arab Emirates
CP27936,Hassan Smith,Syria
CP27937,Viktor Lee,United Kingdom
CP27938,Farid Wang,Belarus
CP27939,Hassan Wang,Syria
CP27940,Farid Lee,Belarus
CP27941,Karim Petrov,Iran
CP27942,Sergei Sokolov,Canada
CP27943,Sergei Ivanov,India
CP27944,Wei Brown,Russia
CP27945,Ahmed Mansour,India
CP27946,Mark Mansour,United States
CP27947,Yousef Petrov,Turkey
CP27948,Ahmed Mansour,United States
CP27949,Anna Haddad,United Kingdom
CP27950,Ali Wang,Russia
CP27951,John Petrov,Mexico
CP27952,Yousef Haddad,Syria
CP27953,Karim Hosseini,United Arab Emirates
CP27954,John Khalil,Mexico
CP27955,Ahmed Ivanov,Iran
CP27956,Ivan Sokolov,Belarus
CP27957,Ali Ivanov,Belarus
CP27958,Ali Nouri,Russia
CP27959,Peter Brown,Mexico
CP27960,Hassan Al Rashid,Russia
CP27961,Ivan Haddad,United Arab Emirates
CP27962,Jin Al Rashid,United Arab Emirates
CP27963,Peter Volkov,Canada
CP27964,Reza Wang,India
CP27965,Anna Hosseini,India
CP27966,Mohammed Smith,India
CP27967,Anna Karimi,Belarus
CP27968,Sara Wilson,Iran
CP27969,Ali Haddad,Russia
CP27970,Mark Petrov,Mexico
CP27971,Omar Al Rashid,Mexico
CP27972,Yousef Khalil,United States
CP27973,Hassan Khalil,Canada
CP27974,Yousef Petrov,United Kingdom
CP27975,Nikolai Karimi,Nigeria
CP27976,Ali Wilson,Turkey
CP27977,Sara Petrov,Turkey
CP27978,Sara Mansour,United States
CP27979,Ivan Wilson,Iran
CP27980,Nikolai Wilson,Nigeria
CP27981,Sergei Wilson,Canada
CP27982,Mohammed Wang,Nigeria
CP27983,Farid Lee,Belarus
CP27984,Ivan Lee,Iran
CP27985,Peter Lee,United States
CP27986,Anna Nouri,United Kingdom
CP27987,Sergei Nouri,Belarus
CP27988,Jin Smith,Canada
CP27989,Jin Rahimi,United Kingdom
CP27990,Jin Al Rashid,Nigeria
CP27991,Farid Nouri,United Kingdom
CP27992,Ivan Mansour,United Kingdom
CP27993,Ivan Ivanov,Iran
CP27994,Wei Sokolov,United States
CP27995,Ali Hosseini,Nigeria
CP27996,Anna Petrov,India
CP27997,Samir Wilson,United States
CP27998,Ali Lee,Russia
CP27999,Ivan Sokolov,Iran
